SeniorCitizen,tenure,MonthlyCharges,TotalCharges,Churn,avg_monthly_value,high_monthly_charge,short_tenure,estimated_customer_value,gender_Male,Partner_Yes,Dependents_Yes,PhoneService_Yes,MultipleLines_No phone service,MultipleLines_Yes,InternetService_Fiber optic,InternetService_No,OnlineSecurity_No internet service,OnlineSecurity_Yes,OnlineBackup_No internet service,OnlineBackup_Yes,DeviceProtection_No internet service,DeviceProtection_Yes,TechSupport_No internet service,TechSupport_Yes,StreamingTV_No internet service,StreamingTV_Yes,StreamingMovies_No internet service,StreamingMovies_Yes,Contract_One year,Contract_Two year,PaperlessBilling_Yes,PaymentMethod_Credit card (automatic),PaymentMethod_Electronic check,PaymentMethod_Mailed check
0,35,51.03,1786.05,0,1.4175,0,0,1786.05,False,False,False,True,True,False,True,False,False,True,False,False,False,False,False,True,True,False,False,False,False,True,True,True,False,False
0,42,68.39,2872.38,1,1.5904651162790697,0,0,2872.38,False,True,True,False,False,True,True,False,False,True,False,True,False,False,False,False,False,True,False,False,False,False,False,False,True,False
0,63,77.85,4904.55,0,1.21640625,0,0,4904.549999999999,True,True,True,True,True,False,False,True,True,False,False,True,False,False,True,False,True,False,False,True,False,True,True,False,False,True
0,23,32.78,753.94,0,1.3658333333333335,0,0,753.94,False,True,False,False,False,True,False,True,True,False,True,False,False,False,True,False,True,False,False,False,True,False,False,False,True,False
0,8,82.27,658.16,0,9.14111111111111,1,1,658.16,False,False,True,False,True,False,False,False,False,True,False,True,False,True,False,True,False,True,True,False,True,False,True,True,False,False
0,1,65.45,65.45,0,32.725,0,1,65.45,False,False,True,True,False,True,True,False,False,True,True,False,False,False,True,False,False,False,False,True,True,False,True,True,False,False
0,22,114.88,2527.36,0,4.994782608695652,1,0,2527.3599999999997,False,False,False,False,False,True,False,False,False,False,False,False,True,False,False,False,False,True,False,True,False,True,True,False,False,True
0,14,64.55,903.7,0,4.303333333333333,0,0,903.6999999999999,True,False,True,False,False,True,True,False,False,True,True,False,False,True,False,True,True,False,False,False,False,True,False,False,True,False
1,62,118.59,7352.58,1,1.8823809523809525,1,0,7352.58,True,True,True,False,True,False,False,False,False,False,True,False,True,False,False,False,True,False,True,False,False,False,True,False,True,False
0,37,77.17,2855.29,0,2.0307894736842105,0,0,2855.29,True,False,False,False,True,False,False,True,False,True,False,False,False,False,False,True,False,False,True,False,True,False,False,False,False,False
0,41,28.29,1159.89,0,0.6735714285714286,0,0,1159.8899999999999,True,False,False,True,True,False,True,False,True,False,False,True,True,False,False,False,False,True,False,False,True,False,True,False,False,True
1,50,102.17,5108.5,0,2.0033333333333334,1,0,5108.5,False,True,True,False,False,True,False,False,False,True,False,True,True,False,False,False,True,False,True,False,False,True,False,False,False,True
0,60,93.85,5631.0,1,1.5385245901639344,1,0,5631.0,False,False,False,True,False,False,True,False,False,False,False,True,True,False,False,False,False,True,False,False,False,False,True,False,False,True
0,39,99.81,3892.59,1,2.49525,1,0,3892.59,True,False,False,False,True,False,False,False,False,False,False,True,True,False,True,False,False,True,False,False,False,False,True,False,False,True
1,13,72.67,944.71,0,5.190714285714286,0,0,944.71,True,False,True,True,False,False,True,False,False,True,False,True,False,True,False,True,False,True,False,False,False,False,False,False,False,True
1,67,108.17,7247.39,0,1.5907352941176471,1,0,7247.39,False,True,True,True,True,False,False,False,False,False,True,False,False,True,False,False,False,False,True,False,False,True,True,False,False,False
1,32,27.5,880.0,1,0.8333333333333334,0,0,880.0,False,True,False,False,False,True,True,False,False,True,True,False,False,False,False,True,False,True,False,False,False,False,False,False,True,False
0,58,111.55,6469.9,1,1.8906779661016948,1,0,6469.9,True,False,True,False,True,False,False,False,False,True,True,False,True,False,False,True,False,False,True,False,False,False,True,False,True,False
0,12,22.21,266.52,0,1.7084615384615385,0,0,266.52,False,True,False,True,True,False,False,True,True,False,True,False,False,True,True,False,False,True,True,False,False,False,False,False,False,True
1,3,40.61,121.83,1,10.1525,0,1,121.83,False,True,False,True,False,False,False,False,False,True,False,False,False,True,False,False,True,False,False,False,False,False,True,False,True,False
1,9,27.86,250.74,0,2.786,0,1,250.74,False,False,True,True,False,True,True,False,False,True,True,False,False,False,False,True,False,False,False,False,False,True,True,False,False,True
1,59,27.12,1600.08,0,0.452,0,0,1600.0800000000002,True,False,False,True,True,False,False,True,False,True,True,False,False,False,False,True,True,False,True,False,True,False,False,False,True,False
1,24,53.48,1283.52,0,2.1391999999999998,0,0,1283.52,True,True,False,False,True,False,False,False,False,True,False,False,True,False,False,False,False,False,False,True,False,True,True,False,False,True
1,59,57.99,3421.41,0,0.9665,0,0,3421.4100000000003,True,False,False,False,False,False,False,False,True,False,True,False,True,False,False,True,True,False,False,True,False,True,True,False,False,False
1,27,112.48,3036.96,0,4.017142857142857,1,0,3036.96,False,False,True,False,True,False,False,False,True,False,False,False,False,True,False,False,True,False,False,True,False,True,False,False,False,True
1,63,48.14,3032.82,0,0.7521875,0,0,3032.82,False,True,False,False,True,False,False,True,False,False,True,False,True,False,False,False,False,True,False,True,True,False,True,False,False,False
1,7,25.47,178.29,0,3.18375,0,1,178.29,True,True,True,False,True,False,True,False,True,False,False,True,False,True,False,False,False,True,False,False,True,False,True,False,False,False
0,64,90.21,5773.44,0,1.3878461538461537,1,0,5773.44,False,False,True,True,True,False,False,True,True,False,False,True,False,False,False,False,False,False,False,False,False,True,False,True,False,False
0,15,29.57,443.55,0,1.848125,0,0,443.55,False,False,False,False,False,False,False,True,False,False,True,False,True,False,False,False,False,False,False,False,False,True,False,False,True,False
1,59,119.26,7036.34,0,1.9876666666666667,1,0,7036.34,False,True,True,False,True,False,True,False,False,True,True,False,False,True,True,False,False,False,False,True,False,True,False,False,True,False
1,12,24.09,289.08,0,1.853076923076923,0,0,289.08,False,False,True,True,True,False,False,True,True,False,False,False,True,False,True,False,False,True,False,True,True,False,True,True,False,False
1,64,52.0,3328.0,1,0.8,0,0,3328.0,True,True,True,True,False,False,True,False,True,False,False,True,True,False,True,False,False,False,False,True,False,False,False,False,True,False
0,10,98.72,987.2,0,8.974545454545455,1,1,987.2,True,True,False,False,False,False,False,True,False,False,False,False,True,False,False,True,False,False,False,True,True,False,True,False,False,False
0,54,54.64,2950.56,0,0.9934545454545455,0,0,2950.56,False,True,True,False,False,False,True,False,True,False,True,False,False,True,True,False,False,True,False,False,False,True,True,True,False,False
1,60,27.67,1660.2,0,0.4536065573770492,0,0,1660.2,True,False,False,True,False,True,False,True,True,False,False,False,False,False,False,True,True,False,True,False,False,False,True,False,True,False
1,55,62.36,3429.8,0,1.1135714285714287,0,0,3429.8,False,True,False,False,True,False,False,False,False,False,True,False,True,False,True,False,False,False,False,False,True,False,True,False,False,True
1,61,38.63,2356.43,0,0.6230645161290324,0,0,2356.4300000000003,False,True,True,False,False,True,True,False,False,False,True,False,False,False,True,False,False,False,False,True,False,True,True,False,False,True
1,8,102.48,819.84,1,11.386666666666667,1,1,819.84,False,True,False,True,False,True,False,False,False,False,False,True,True,False,False,False,False,False,False,True,True,False,False,False,True,False
1,33,116.26,3836.58,0,3.4194117647058824,1,0,3836.5800000000004,True,False,True,False,False,False,False,True,False,False,False,False,False,False,False,True,False,True,True,False,True,False,True,False,False,True
1,40,73.26,2930.4,0,1.786829268292683,0,0,2930.4,False,False,False,True,False,False,True,False,False,True,False,True,True,False,False,False,False,True,False,True,True,False,False,False,False,False
1,16,88.44,1415.04,0,5.20235294117647,1,0,1415.04,False,True,False,False,False,False,False,False,False,True,True,False,True,False,False,True,False,False,False,True,False,True,True,False,True,False
1,5,53.85,269.25,0,8.975,0,1,269.25,True,False,False,False,True,False,False,True,False,True,False,True,True,False,True,False,True,False,False,True,True,False,False,False,True,False
1,2,87.41,174.82,0,29.136666666666667,1,1,174.82,False,False,True,False,False,False,False,True,False,False,False,True,True,False,False,True,True,False,False,False,False,True,True,False,False,False
0,41,93.64,3839.24,1,2.2295238095238097,1,0,3839.2400000000002,False,False,False,True,False,True,True,False,False,True,False,True,True,False,False,True,True,False,False,False,False,False,True,False,False,False
1,60,26.93,1615.8,0,0.4414754098360656,0,0,1615.8,False,False,True,False,True,False,False,False,True,False,False,True,True,False,True,False,False,True,True,False,True,False,False,False,True,False
1,3,101.91,305.73,1,25.4775,1,1,305.73,False,True,True,False,False,True,False,True,False,False,False,False,False,False,False,False,True,False,False,True,False,False,False,False,False,False
1,29,101.1,2931.9,1,3.3699999999999997,1,0,2931.8999999999996,False,False,False,True,False,False,False,True,False,False,False,False,False,False,False,True,False,True,False,False,False,False,True,False,True,False
1,63,118.85,7487.55,0,1.85703125,1,0,7487.549999999999,True,True,False,True,False,True,False,False,False,False,True,False,False,True,False,True,False,False,False,True,False,True,False,False,True,False
1,8,101.69,813.52,1,11.29888888888889,1,1,813.52,False,True,True,False,False,True,True,False,False,True,False,False,False,False,True,False,True,False,True,False,False,True,False,True,False,False
0,23,50.49,1161.27,0,2.1037500000000002,0,0,1161.27,True,False,False,True,True,False,False,False,False,False,False,False,True,False,True,False,False,True,False,False,True,False,True,False,False,False
0,1,20.17,20.17,1,10.085,0,1,20.17,False,True,False,False,False,True,False,False,True,False,False,True,True,False,True,False,True,False,True,False,False,False,True,False,True,False
1,17,105.33,1790.61,1,5.851666666666667,1,0,1790.61,False,True,True,False,False,True,False,False,False,False,True,False,False,True,False,False,False,False,False,False,False,False,True,True,False,False
0,4,26.09,104.36,0,5.218,0,1,104.36,False,False,True,False,False,True,True,False,False,True,False,False,False,False,True,False,False,False,True,False,False,True,False,True,False,False
1,68,107.88,7335.84,1,1.5634782608695652,1,0,7335.84,True,False,True,True,False,False,True,False,False,False,False,True,False,True,False,False,False,True,False,True,False,True,False,False,True,False
0,25,54.56,1364.0,0,2.0984615384615384,0,0,1364.0,True,True,False,True,False,False,False,False,False,True,True,False,False,True,False,False,False,True,False,True,False,True,True,False,True,False
0,41,81.56,3343.96,0,1.941904761904762,1,0,3343.96,True,False,False,True,True,False,True,False,False,True,True,False,False,True,False,True,False,False,False,False,True,False,True,True,False,False
1,58,26.45,1534.1,0,0.4483050847457627,0,0,1534.1,False,False,True,True,False,False,True,False,False,False,True,False,False,False,True,False,True,False,True,False,False,False,True,True,False,False
1,43,88.01,3784.43,0,2.000227272727273,1,0,3784.4300000000003,False,True,True,True,False,True,True,False,False,False,True,False,True,False,True,False,False,False,False,True,False,True,True,False,False,True
1,62,71.33,4422.46,0,1.1322222222222222,0,0,4422.46,False,True,False,True,True,False,False,False,False,False,False,False,False,False,False,True,True,False,False,False,False,True,True,False,False,True
0,39,110.45,4307.55,0,2.76125,1,0,4307.55,False,True,False,True,False,False,False,False,True,False,False,True,True,False,False,True,False,True,False,True,True,False,True,True,False,False
0,19,113.1,2148.9,1,5.654999999999999,1,0,2148.9,True,False,True,True,False,False,False,False,False,False,False,True,False,True,True,False,False,False,False,False,False,False,True,False,False,False
1,25,117.96,2949.0,0,4.536923076923077,1,0,2949.0,False,True,False,True,True,False,False,True,False,False,False,True,False,True,True,False,False,False,False,True,False,True,True,False,False,True
1,3,49.07,147.21,0,12.2675,0,1,147.21,False,False,False,False,False,False,False,True,False,False,False,True,False,True,False,False,True,False,False,False,False,True,True,False,False,False
1,35,44.07,1542.45,0,1.2241666666666666,0,0,1542.45,True,False,True,True,True,False,False,True,False,True,False,False,False,False,True,False,False,True,False,False,True,False,True,False,False,False
0,60,82.59,4955.4,1,1.3539344262295083,1,0,4955.400000000001,True,False,False,True,True,False,False,True,False,True,True,False,False,True,False,True,False,True,False,True,False,False,True,False,False,False
1,61,112.79,6880.19,0,1.819193548387097,1,0,6880.1900000000005,False,True,False,True,True,False,False,True,False,True,True,False,False,True,True,False,False,True,False,True,True,False,True,False,False,False
1,29,37.67,1092.43,0,1.2556666666666667,0,0,1092.43,False,False,True,False,False,False,False,False,True,False,False,False,False,True,False,True,False,False,False,True,False,False,True,False,True,False
1,13,30.69,398.97,0,2.192142857142857,0,0,398.97,True,True,True,True,False,True,False,False,False,True,False,True,False,True,True,False,False,False,True,False,False,False,False,False,True,False
0,71,94.18,6686.78,0,1.3080555555555557,1,0,6686.780000000001,True,True,False,True,True,False,False,False,False,True,False,True,False,False,False,False,True,False,False,True,True,False,False,False,False,False
1,15,80.71,1210.65,0,5.044375,1,0,1210.6499999999999,True,True,False,True,False,True,False,True,True,False,True,False,True,False,False,False,True,False,False,False,False,True,False,False,True,False
0,54,88.03,4753.62,1,1.6005454545454545,1,0,4753.62,True,True,False,False,False,True,False,False,False,False,False,False,False,False,False,True,False,False,True,False,False,False,False,False,True,False
0,49,51.93,2544.57,0,1.0386,0,0,2544.57,False,True,True,False,False,True,False,False,True,False,True,False,False,True,False,True,True,False,False,False,False,False,False,True,False,False
0,15,89.07,1336.05,0,5.566875,1,0,1336.05,True,False,False,True,False,True,False,True,False,False,False,False,True,False,True,False,True,False,False,True,False,True,True,True,False,False
1,39,110.27,4300.53,0,2.75675,1,0,4300.53,True,False,True,False,False,False,True,False,False,False,False,False,False,True,False,True,True,False,False,True,False,True,False,False,False,False
0,40,115.5,4620.0,0,2.817073170731707,1,0,4620.0,True,False,True,True,True,False,True,False,False,False,False,False,False,False,False,True,False,True,False,True,True,False,False,True,False,False
0,70,47.77,3343.9,0,0.6728169014084507,0,0,3343.9,True,True,False,True,True,False,False,False,False,False,True,False,True,False,True,False,False,False,False,True,True,False,False,False,False,False
1,20,54.36,1087.2,0,2.5885714285714285,0,0,1087.2,True,False,False,True,False,True,True,False,False,True,False,True,False,True,False,True,False,False,False,True,False,False,True,True,False,False
1,52,92.54,4812.08,0,1.7460377358490566,1,0,4812.08,False,False,True,False,False,True,False,False,False,True,False,False,True,False,False,False,True,False,False,True,True,False,True,False,True,False
0,13,102.02,1326.26,0,7.2871428571428565,1,0,1326.26,True,True,True,True,False,True,True,False,True,False,True,False,False,False,True,False,True,False,True,False,True,False,False,True,False,False
1,15,98.72,1480.8,0,6.17,1,0,1480.8,True,False,True,False,True,False,True,False,True,False,True,False,False,True,False,True,False,False,False,False,True,False,True,False,False,False
1,15,84.67,1270.05,0,5.291875,1,0,1270.05,True,False,True,True,True,False,False,True,False,True,False,False,False,False,False,True,False,False,False,False,True,False,False,True,False,False
1,57,118.66,6763.62,0,2.0458620689655174,1,0,6763.62,False,False,False,True,True,False,False,False,False,True,False,True,False,True,False,False,True,False,False,True,True,False,True,False,True,False
1,47,81.02,3807.94,1,1.6879166666666665,1,0,3807.9399999999996,False,False,False,False,False,True,False,True,True,False,False,True,False,True,False,True,False,True,False,True,False,False,False,False,True,False
1,48,38.74,1859.52,0,0.7906122448979592,0,0,1859.52,True,False,False,True,False,True,True,False,False,False,False,True,True,False,False,False,False,True,False,False,False,True,True,False,False,False
1,25,31.66,791.5,0,1.2176923076923076,0,0,791.5,False,True,False,False,False,True,False,True,False,True,False,False,False,False,False,False,False,False,False,False,True,False,True,True,False,False
0,8,29.37,234.96,1,3.2633333333333336,0,1,234.96,True,False,True,True,True,False,False,False,False,True,False,False,False,False,False,False,False,False,False,False,False,False,False,False,False,False
0,22,60.96,1341.12,0,2.650434782608696,0,0,1341.1200000000001,False,False,True,False,True,False,False,False,False,False,False,True,False,True,False,True,False,True,False,False,False,True,True,False,False,True
0,58,99.8,5788.4,0,1.6915254237288135,1,0,5788.4,True,False,False,False,False,False,False,False,False,True,True,False,True,False,True,False,False,True,False,True,True,False,False,True,False,False
1,45,105.29,4738.05,0,2.288913043478261,1,0,4738.05,True,True,True,False,False,True,False,False,False,False,False,True,False,True,True,False,False,True,True,False,False,True,True,False,True,False
1,22,51.45,1131.9,0,2.2369565217391307,0,0,1131.9,True,False,True,False,True,False,False,True,False,False,False,True,False,False,False,False,False,True,False,False,True,False,True,True,False,False
1,2,109.02,218.04,1,36.339999999999996,1,1,218.04,True,False,False,True,False,True,False,True,True,False,False,True,False,False,True,False,False,True,True,False,False,True,False,False,True,False
1,36,112.18,4038.48,0,3.0318918918918922,1,0,4038.4800000000005,True,True,True,False,True,False,False,True,False,False,True,False,True,False,False,True,False,False,False,True,True,False,True,True,False,False
1,42,34.52,1449.84,0,0.8027906976744187,0,0,1449.8400000000001,True,True,False,False,True,False,True,False,False,True,True,False,False,False,False,True,False,False,False,False,False,True,False,False,False,False
1,68,29.45,2002.6,0,0.42681159420289855,0,0,2002.6,False,False,True,True,False,False,False,False,False,True,False,False,True,False,False,False,False,False,False,True,True,False,False,False,False,False
1,53,39.88,2113.64,0,0.7385185185185186,0,0,2113.6400000000003,True,True,True,False,False,True,False,True,False,False,False,False,False,True,False,True,False,False,False,False,False,False,True,False,True,False
1,45,62.09,2794.05,0,1.3497826086956521,0,0,2794.05,False,False,False,False,False,True,False,False,False,False,True,False,True,False,False,False,False,True,False,True,True,False,False,False,True,False
1,37,108.98,4032.26,0,2.8678947368421053,1,0,4032.26,True,True,True,True,True,False,False,False,True,False,False,False,False,True,True,False,False,True,False,True,False,True,False,False,True,False
0,19,34.72,659.68,0,1.736,0,0,659.68,True,True,True,False,False,True,True,False,False,True,False,False,True,False,False,True,False,True,True,False,False,True,True,False,True,False
1,54,105.33,5687.82,1,1.915090909090909,1,0,5687.82,True,True,False,True,True,False,True,False,False,True,False,True,False,False,False,True,False,False,False,False,False,False,True,False,False,False
0,28,67.28,1883.84,0,2.32,0,0,1883.8400000000001,False,False,False,False,True,False,False,True,False,False,True,False,False,True,True,False,False,True,False,False,True,False,True,True,False,False
0,26,86.87,2258.62,0,3.2174074074074075,1,0,2258.62,False,True,False,False,True,False,True,False,True,False,False,False,True,False,False,True,True,False,False,False,False,True,False,False,False,True
0,71,27.37,1943.27,0,0.3801388888888889,0,0,1943.27,True,False,False,True,True,False,True,False,False,True,False,False,False,True,False,True,False,False,False,True,False,True,False,False,False,True
1,71,61.82,4389.22,0,0.8586111111111111,0,0,4389.22,True,True,False,False,False,False,False,False,True,False,True,False,False,True,False,False,False,True,False,True,True,False,False,False,True,False
0,9,54.34,489.06,1,5.434,0,1,489.06000000000006,True,False,False,True,True,False,False,True,True,False,False,True,False,True,True,False,True,False,False,True,False,False,False,False,False,True
1,15,25.2,378.0,0,1.575,0,0,378.0,False,True,True,True,False,False,True,False,False,True,False,True,False,True,True,False,True,False,True,False,True,False,False,False,True,False
0,9,110.14,991.26,0,11.014,1,1,991.26,True,False,True,False,True,False,False,True,True,False,False,True,True,False,True,False,False,False,True,False,False,True,True,False,False,False
1,3,46.85,140.55,0,11.7125,0,1,140.55,False,False,True,False,False,False,True,False,False,False,False,False,False,False,False,False,False,False,False,False,False,True,True,False,False,False
0,29,84.44,2448.76,0,2.8146666666666667,1,0,2448.7599999999998,True,True,False,True,True,False,False,True,False,True,False,True,False,False,False,False,True,False,False,True,False,True,True,False,True,False
0,11,90.47,995.17,1,7.539166666666667,1,1,995.17,False,False,True,False,True,False,False,True,True,False,True,False,False,False,False,False,False,False,False,False,False,False,False,False,True,False
0,16,118.52,1896.32,0,6.971764705882353,1,0,1896.32,True,False,True,False,True,False,False,False,False,True,True,False,True,False,False,False,True,False,False,True,False,True,False,False,False,False
1,23,62.57,1439.11,0,2.607083333333333,0,0,1439.11,False,True,True,True,False,True,False,True,False,True,False,True,True,False,False,False,True,False,False,True,True,False,True,False,True,False
1,23,96.09,2210.07,1,4.00375,1,0,2210.07,True,True,False,True,True,False,True,False,True,False,True,False,False,False,False,True,False,True,False,False,False,False,False,False,True,False
1,4,97.19,388.76,1,19.438,1,1,388.76,True,True,False,False,False,True,True,False,False,True,True,False,True,False,False,True,True,False,True,False,False,True,True,False,False,False
1,10,117.69,1176.9,1,10.69909090909091,1,1,1176.9,True,False,True,False,False,True,True,False,False,False,False,True,False,False,True,False,True,False,False,False,True,False,True,False,False,False
0,13,105.07,1365.91,0,7.505,1,0,1365.9099999999999,False,True,False,False,True,False,True,False,False,False,True,False,False,False,True,False,False,True,False,False,True,False,False,False,False,False
1,2,63.31,126.62,1,21.103333333333335,0,1,126.62,False,True,True,True,True,False,False,False,False,False,False,False,False,True,False,False,True,False,True,False,False,False,False,False,False,True
0,10,70.66,706.6,0,6.423636363636363,0,1,706.5999999999999,True,True,True,True,False,True,False,True,False,True,False,True,True,False,False,True,False,True,False,True,False,True,True,True,False,False
1,37,87.92,3253.04,0,2.313684210526316,1,0,3253.04,False,True,False,False,False,False,True,False,False,False,False,False,True,False,False,True,False,True,False,True,True,False,False,True,False,False
1,43,115.03,4946.29,1,2.6143181818181818,1,0,4946.29,True,True,False,False,False,True,True,False,True,False,True,False,True,False,False,False,False,True,False,False,False,False,True,False,False,True
1,30,48.29,1448.7,0,1.5577419354838709,0,0,1448.7,True,False,True,True,True,False,True,False,True,False,False,True,False,False,False,True,False,True,False,False,False,True,True,False,False,False
1,39,88.62,3456.18,0,2.2155,1,0,3456.1800000000003,False,True,True,True,False,False,False,False,True,False,False,True,True,False,True,False,False,True,False,True,True,False,False,False,False,False
0,19,45.13,857.47,0,2.2565,0,0,857.47,True,False,False,False,False,False,False,True,True,False,False,True,False,True,True,False,False,False,False,True,False,True,False,False,False,False
0,35,64.4,2254.0,0,1.788888888888889,0,0,2254.0,True,True,False,False,False,True,False,False,True,False,True,False,False,True,True,False,False,True,True,False,False,False,True,False,True,False
0,61,56.48,3445.28,1,0.9109677419354838,0,0,3445.2799999999997,True,True,False,False,False,False,True,False,True,False,True,False,False,False,False,False,False,True,False,True,False,False,False,False,True,False
0,63,119.55,7531.65,0,1.86796875,1,0,7531.65,False,True,True,True,True,False,False,False,True,False,False,True,False,True,False,True,False,True,True,False,False,True,True,False,False,True
0,62,90.7,5623.4,1,1.4396825396825397,1,0,5623.400000000001,True,True,False,False,True,False,False,False,True,False,False,False,False,True,False,True,True,False,True,False,False,False,False,False,False,False
1,45,53.1,2389.5,0,1.1543478260869566,0,0,2389.5,False,False,False,True,True,False,False,True,True,False,True,False,False,False,False,False,True,False,False,True,False,True,False,True,False,False
1,42,79.99,3359.58,0,1.8602325581395347,0,0,3359.58,True,False,False,True,False,False,False,True,False,True,False,True,False,False,True,False,False,True,True,False,False,False,False,False,False,True
1,40,77.45,3098.0,0,1.8890243902439026,0,0,3098.0,True,True,True,False,True,False,False,False,False,True,False,True,False,False,True,False,False,False,True,False,False,False,False,True,False,False
0,12,81.99,983.88,1,6.306923076923076,1,0,983.8799999999999,True,True,False,False,False,False,False,True,False,True,True,False,True,False,True,False,True,False,False,True,False,False,True,True,False,False
1,28,79.47,2225.16,0,2.740344827586207,0,0,2225.16,True,True,True,True,False,True,False,True,False,False,False,True,True,False,False,True,True,False,True,False,False,False,False,False,False,True
1,27,104.92,2832.84,0,3.7471428571428573,1,0,2832.84,True,True,False,True,False,False,False,True,False,True,True,False,False,True,False,False,False,False,True,False,False,True,False,False,False,False
1,22,82.81,1821.82,1,3.6004347826086955,1,0,1821.8200000000002,False,True,False,False,True,False,True,False,True,False,False,False,False,False,False,False,False,False,False,False,False,False,True,False,False,True
0,65,77.4,5031.0,0,1.1727272727272728,0,0,5031.0,True,False,False,True,False,False,False,True,True,False,False,True,False,False,False,False,True,False,True,False,True,False,False,False,False,True
0,72,105.9,7624.8,0,1.4506849315068493,1,0,7624.8,True,False,True,False,False,True,False,False,True,False,False,False,True,False,False,True,True,False,False,True,True,False,False,False,False,True
1,51,89.06,4542.06,0,1.7126923076923077,1,0,4542.06,True,False,False,False,False,False,False,False,True,False,False,True,False,True,True,False,False,False,False,False,True,False,True,False,True,False
1,33,107.09,3533.97,1,3.1497058823529414,1,0,3533.9700000000003,False,True,True,False,False,True,False,True,True,False,True,False,False,True,False,False,False,True,False,False,False,False,False,False,False,False
0,59,86.31,5092.29,1,1.4385000000000001,1,0,5092.29,False,True,False,True,False,False,True,False,False,False,False,False,False,False,False,False,True,False,False,False,False,False,False,False,False,False
1,23,59.69,1372.87,0,2.487083333333333,0,0,1372.87,True,True,False,False,False,False,False,True,False,True,False,False,True,False,False,True,False,False,True,False,False,False,False,False,False,True
0,55,58.73,3230.15,0,1.0487499999999998,0,0,3230.1499999999996,False,True,True,False,False,True,False,True,False,False,False,False,False,True,True,False,False,True,False,False,False,True,False,False,False,True
0,5,77.92,389.6,0,12.986666666666666,0,1,389.6,False,False,True,True,False,False,False,False,False,False,False,False,False,True,False,False,False,False,False,True,False,True,True,False,False,True
0,3,66.43,199.29,1,16.6075,0,1,199.29000000000002,False,False,True,False,True,False,False,False,False,True,False,True,True,False,False,False,False,True,False,True,False,False,False,False,False,False
1,21,22.74,477.54,0,1.0336363636363635,0,0,477.53999999999996,False,True,False,False,False,False,False,True,False,False,False,False,True,False,False,False,False,True,True,False,False,True,True,True,False,False
1,12,43.62,523.44,0,3.355384615384615,0,0,523.4399999999999,True,True,False,False,False,True,True,False,False,True,False,True,False,True,True,False,True,False,False,True,False,True,True,False,False,True
0,32,70.86,2267.52,0,2.1472727272727274,0,0,2267.52,False,False,False,True,False,False,False,True,False,True,False,False,False,True,False,True,True,False,False,False,False,True,True,False,True,False
1,60,26.66,1599.6,0,0.4370491803278689,0,0,1599.6,False,False,True,True,False,True,False,False,False,False,False,True,True,False,False,True,False,True,True,False,True,False,True,True,False,False
0,47,78.37,3683.39,0,1.6327083333333334,0,0,3683.3900000000003,True,True,True,False,False,True,True,False,False,True,False,False,False,False,True,False,False,True,True,False,True,False,False,True,False,False
0,29,49.82,1444.78,0,1.6606666666666667,0,0,1444.78,False,False,True,True,False,False,True,False,True,False,False,True,False,False,False,True,True,False,True,False,False,True,False,False,False,False
0,65,100.51,6533.15,0,1.522878787878788,1,0,6533.150000000001,True,False,False,False,False,False,False,False,True,False,True,False,False,True,False,True,False,False,False,True,False,True,True,False,True,False
0,17,87.16,1481.72,1,4.842222222222222,1,0,1481.72,False,True,False,False,False,True,False,True,True,False,False,True,False,True,False,True,True,False,True,False,False,False,False,False,False,False
1,37,25.88,957.56,0,0.6810526315789474,0,0,957.56,False,True,False,False,True,False,True,False,False,False,False,True,True,False,False,False,True,False,False,False,True,False,True,False,False,False
1,40,59.76,2390.4,0,1.457560975609756,0,0,2390.4,False,True,True,False,False,True,False,False,True,False,True,False,False,True,False,False,True,False,True,False,True,False,True,True,False,False
0,20,24.38,487.6,0,1.160952380952381,0,0,487.59999999999997,False,False,False,False,False,False,False,True,False,True,True,False,True,False,False,False,False,True,False,False,True,False,False,False,False,False
0,59,95.95,5661.05,0,1.5991666666666666,1,0,5661.05,False,False,False,False,False,False,False,False,False,True,True,False,False,True,False,False,False,True,False,False,False,True,False,False,True,False
0,49,41.6,2038.4,0,0.8320000000000001,0,0,2038.4,False,False,False,False,False,True,False,False,True,False,False,True,False,False,False,True,False,False,True,False,True,False,False,True,False,False
0,49,109.65,5372.85,1,2.193,1,0,5372.85,True,True,False,False,True,False,True,False,False,False,True,False,False,False,False,False,False,False,False,False,False,True,True,False,True,False
1,30,40.23,1206.9,0,1.2977419354838708,0,0,1206.8999999999999,True,True,False,False,False,True,True,False,False,True,False,True,False,True,False,True,False,False,True,False,True,False,False,False,True,False
1,67,75.48,5057.16,0,1.11,0,0,5057.16,False,True,True,True,True,False,False,False,False,True,False,True,True,False,False,True,False,False,False,True,False,False,True,False,False,True
0,20,26.53,530.6,0,1.2633333333333334,0,0,530.6,False,False,True,True,False,False,True,False,True,False,False,False,False,True,True,False,False,False,False,True,True,False,False,False,False,False
0,11,96.07,1056.77,1,8.005833333333333,1,1,1056.77,False,True,True,True,True,False,False,False,False,True,False,True,True,False,False,True,False,True,False,True,False,False,False,False,False,True
0,26,53.4,1388.4,0,1.9777777777777776,0,0,1388.3999999999999,True,False,True,False,True,False,True,False,True,False,True,False,False,False,True,False,True,False,False,False,True,False,False,False,True,False
0,4,37.42,149.68,0,7.484,0,1,149.68,False,False,False,False,False,True,False,True,True,False,True,False,False,True,False,True,False,False,False,True,True,False,False,True,False,False
1,8,40.75,326.0,0,4.527777777777778,0,1,326.0,True,False,True,False,False,True,False,False,True,False,False,True,False,False,False,True,True,False,False,False,False,True,False,False,False,True
0,31,100.47,3114.57,1,3.1396875,1,0,3114.57,False,True,True,False,True,False,False,False,False,False,False,False,True,False,False,True,False,True,True,False,False,False,False,True,False,False
0,58,109.23,6335.34,0,1.85135593220339,1,0,6335.34,False,True,True,False,False,False,True,False,False,False,False,False,True,False,False,False,True,False,True,False,False,True,True,False,False,False
1,9,26.34,237.06,0,2.634,0,1,237.06,True,True,False,False,False,False,False,False,False,True,False,True,False,False,False,True,False,False,False,False,True,False,False,False,False,False
1,41,37.9,1553.9,0,0.9023809523809524,0,0,1553.8999999999999,True,True,False,False,False,False,True,False,False,False,False,False,True,False,False,True,False,False,True,False,False,False,False,False,False,True
1,56,90.51,5068.56,0,1.5878947368421052,1,0,5068.56,True,False,True,False,False,False,False,True,False,False,True,False,True,False,True,False,False,True,True,False,True,False,True,False,False,False
1,12,64.33,771.96,0,4.9484615384615385,0,0,771.96,True,False,True,True,False,False,False,False,False,False,False,False,True,False,False,True,False,False,False,False,False,False,True,False,False,False
1,49,57.08,2796.92,0,1.1416,0,0,2796.92,True,True,False,True,False,True,False,True,False,True,False,False,False,False,True,False,True,False,True,False,False,True,False,False,False,False
1,50,78.04,3902.0,0,1.5301960784313726,0,0,3902.0000000000005,True,True,False,True,False,False,True,False,False,False,False,True,False,True,True,False,False,False,True,False,True,False,False,False,False,False
1,3,79.12,237.36,1,19.78,0,1,237.36,True,True,True,True,True,False,True,False,False,True,False,True,False,False,False,True,True,False,False,False,False,False,True,False,True,False
0,62,21.94,1360.28,1,0.34825396825396826,0,0,1360.28,False,False,False,False,False,True,True,False,False,True,False,True,False,False,False,False,False,False,False,False,False,False,True,False,True,False
0,14,107.9,1510.6,0,7.193333333333333,1,0,1510.6000000000001,False,True,False,True,True,False,True,False,False,True,False,False,False,True,False,False,False,False,False,False,False,True,False,True,False,False
0,4,81.23,324.92,1,16.246000000000002,1,1,324.92,False,True,False,True,True,False,False,False,False,False,False,False,False,True,False,True,True,False,False,True,True,False,True,False,True,False
0,24,89.48,2147.52,0,3.5792,1,0,2147.52,False,True,True,True,False,True,True,False,True,False,False,False,False,False,False,False,False,False,True,False,True,False,True,True,False,False
1,58,79.8,4628.4,0,1.352542372881356,0,0,4628.4,True,True,True,True,True,False,False,False,False,True,False,False,False,True,True,False,False,False,False,False,False,False,True,True,False,False
0,61,64.94,3961.34,1,1.0474193548387096,0,0,3961.3399999999997,True,True,False,False,True,False,True,False,True,False,True,False,False,True,False,False,False,True,True,False,False,False,True,False,False,True
1,55,92.56,5090.8,0,1.6528571428571428,1,0,5090.8,True,False,False,True,False,True,True,False,True,False,False,False,True,False,True,False,True,False,False,True,False,True,True,True,False,False
1,5,70.67,353.35,0,11.778333333333334,0,1,353.35,True,False,True,True,False,False,False,False,False,True,True,False,False,True,False,False,False,True,False,False,False,True,False,False,False,False
1,22,71.65,1576.3,0,3.115217391304348,0,0,1576.3000000000002,True,True,True,True,False,False,False,True,True,False,False,True,False,True,True,False,True,False,True,False,True,False,False,True,False,False
0,49,44.7,2190.3,0,0.894,0,0,2190.3,False,True,False,True,False,True,False,False,False,True,True,False,False,False,False,False,False,False,False,True,False,False,True,False,False,True
0,60,43.63,2617.8,1,0.7152459016393443,0,0,2617.8,False,True,False,False,True,False,True,False,False,False,True,False,True,False,False,False,False,False,True,False,False,False,False,False,False,True
0,30,81.24,2437.2,0,2.6206451612903225,1,0,2437.2,False,False,False,False,True,False,False,True,True,False,True,False,True,False,False,True,True,False,False,True,False,True,False,False,True,False
1,59,70.68,4170.12,0,1.1780000000000002,0,0,4170.120000000001,False,False,False,True,True,False,False,False,False,False,False,False,True,False,True,False,True,False,False,False,False,False,False,False,True,False
1,4,90.13,360.52,1,18.026,1,1,360.52,True,True,True,False,False,True,True,False,False,False,True,False,False,True,False,True,False,False,False,False,False,True,True,False,False,False
1,64,51.96,3325.44,0,0.7993846153846154,0,0,3325.44,False,True,False,True,False,False,False,True,True,False,False,False,False,False,True,False,False,False,True,False,False,False,True,False,False,True
0,40,68.46,2738.4,0,1.6697560975609755,0,0,2738.3999999999996,True,True,False,True,True,False,False,True,False,False,True,False,False,False,True,False,False,True,False,True,False,True,True,False,False,True
0,61,111.95,6828.95,0,1.8056451612903226,1,0,6828.95,False,False,True,False,True,False,True,False,True,False,True,False,False,True,False,True,False,False,False,True,True,False,True,False,False,True
1,21,93.44,1962.24,0,4.247272727272727,1,0,1962.24,True,False,True,False,False,False,True,False,False,True,False,True,True,False,False,False,True,False,False,True,True,False,False,False,False,True
0,51,85.29,4349.79,0,1.6401923076923077,1,0,4349.79,False,False,True,True,True,False,False,True,False,False,False,True,True,False,False,False,False,False,False,True,True,False,False,False,True,False
0,39,112.86,4401.54,0,2.8215,1,0,4401.54,True,True,False,False,False,True,False,False,False,True,True,False,True,False,False,True,True,False,True,False,True,False,False,False,False,False
0,38,41.28,1568.64,0,1.0584615384615386,0,0,1568.64,False,True,True,True,False,False,False,True,True,False,False,False,True,False,False,True,False,True,False,True,True,False,True,True,False,False
0,66,64.16,4234.56,0,0.9576119402985074,0,0,4234.5599999999995,False,False,False,False,False,False,False,False,False,True,False,True,True,False,False,False,False,True,False,False,True,False,False,False,False,True
0,35,27.76,971.6,0,0.7711111111111112,0,0,971.6,True,False,False,True,False,False,False,True,False,True,False,True,True,False,False,True,True,False,False,True,False,True,False,False,True,False
1,62,38.53,2388.86,0,0.6115873015873016,0,0,2388.86,False,False,False,False,True,False,True,False,False,True,False,True,False,True,False,True,True,False,False,True,False,True,False,True,False,False
0,43,33.72,1449.96,0,0.7663636363636364,0,0,1449.96,True,True,False,True,False,False,False,True,False,False,False,True,False,False,False,False,False,False,False,True,False,False,False,False,False,False
0,19,101.63,1930.97,0,5.0815,1,0,1930.9699999999998,False,True,True,True,True,False,False,False,True,False,True,False,False,True,True,False,False,False,True,False,False,True,True,True,False,False
1,34,43.28,1471.52,0,1.2365714285714287,0,0,1471.52,False,True,False,False,False,False,True,False,False,True,True,False,True,False,True,False,False,False,True,False,True,False,True,False,False,True
1,47,41.57,1953.79,1,0.8660416666666667,0,0,1953.79,True,False,False,True,True,False,False,True,False,False,True,False,True,False,False,False,False,False,False,False,False,False,False,False,True,False
0,18,70.16,1262.88,0,3.6926315789473683,0,0,1262.8799999999999,True,False,True,True,False,True,True,False,True,False,False,True,False,False,True,False,False,False,True,False,True,False,True,True,False,False
1,55,30.38,1670.9,0,0.5425,0,0,1670.8999999999999,True,False,False,False,False,True,True,False,False,True,False,True,False,True,False,True,False,True,True,False,True,False,False,False,False,False
0,21,22.33,468.93,0,1.015,0,0,468.92999999999995,False,False,False,False,False,True,False,True,True,False,True,False,True,False,True,False,True,False,True,False,False,True,False,False,False,True
1,50,96.38,4819.0,1,1.8898039215686273,1,0,4819.0,True,False,True,False,False,False,True,False,False,False,False,False,True,False,False,True,False,False,True,False,False,False,False,True,False,False
0,62,92.92,5761.04,0,1.474920634920635,1,0,5761.04,True,False,True,True,True,False,False,True,False,False,False,True,True,False,False,True,False,False,False,True,True,False,True,False,False,True
1,39,30.02,1170.78,0,0.7505,0,0,1170.78,False,True,True,False,False,True,False,True,False,True,False,False,False,True,False,True,True,False,False,False,False,True,False,False,True,False
1,24,36.58,877.92,0,1.4631999999999998,0,0,877.92,True,True,True,False,False,True,False,False,False,True,False,True,True,False,True,False,True,False,False,True,False,True,False,False,False,False
1,18,98.52,1773.36,0,5.185263157894736,1,0,1773.36,False,True,False,True,True,False,True,False,True,False,True,False,False,True,False,False,True,False,True,False,True,False,True,False,False,True
1,48,100.18,4808.64,0,2.0444897959183677,1,0,4808.64,True,True,False,False,False,True,False,True,True,False,False,False,False,True,False,True,False,False,True,False,True,False,True,False,False,False
0,6,65.11,390.66,0,9.301428571428572,0,1,390.65999999999997,True,True,True,True,False,False,True,False,False,True,False,False,True,False,False,True,True,False,True,False,False,True,False,True,False,False
0,29,39.52,1146.08,0,1.3173333333333335,0,0,1146.0800000000002,False,False,False,False,False,True,False,True,False,True,True,False,False,False,False,True,False,False,True,False,False,True,False,True,False,False
1,67,47.65,3192.55,0,0.700735294117647,0,0,3192.5499999999997,True,True,False,True,False,False,False,False,False,True,False,False,False,False,False,True,False,True,True,False,False,True,True,False,True,False
0,38,86.57,3289.66,0,2.2197435897435898,1,0,3289.66,False,True,False,True,False,False,False,False,False,True,False,False,False,False,False,True,False,False,True,False,False,True,False,False,True,False
1,66,104.72,6911.52,0,1.5629850746268656,1,0,6911.5199999999995,True,False,True,True,True,False,False,False,False,True,False,False,False,False,False,False,False,False,False,False,False,True,True,False,False,False
0,52,57.51,2990.52,0,1.0850943396226416,0,0,2990.52,False,True,True,True,True,False,False,False,True,False,True,False,False,True,False,False,False,True,True,False,False,True,True,False,False,True
1,8,106.22,849.76,0,11.802222222222222,1,1,849.76,True,True,True,False,False,True,False,True,True,False,False,False,True,False,True,False,False,True,True,False,False,True,False,True,False,False
1,51,28.2,1438.2,0,0.5423076923076923,0,0,1438.2,True,True,False,False,True,False,False,True,True,False,True,False,True,False,True,False,False,False,True,False,False,True,True,False,False,True
0,16,118.39,1894.24,0,6.964117647058823,1,0,1894.24,False,True,False,True,False,False,True,False,True,False,False,True,False,True,False,True,False,True,False,False,True,False,False,False,False,False
1,66,74.34,4906.44,0,1.1095522388059702,0,0,4906.4400000000005,False,True,True,True,True,False,False,False,True,False,True,False,True,False,False,False,True,False,True,False,False,True,True,False,True,False
0,64,93.66,5994.24,0,1.440923076923077,1,0,5994.24,True,True,False,False,False,True,False,False,False,False,False,False,False,True,True,False,True,False,False,True,False,True,True,False,True,False
0,5,93.31,466.55,1,15.551666666666668,1,1,466.55,True,True,False,True,False,False,True,False,False,False,False,True,False,False,True,False,False,False,False,True,False,False,False,False,False,False
0,69,90.29,6230.01,0,1.289857142857143,1,0,6230.01,False,True,False,False,False,False,False,True,False,True,True,False,False,False,True,False,False,False,True,False,True,False,True,False,False,False
1,6,40.97,245.82,0,5.852857142857142,0,1,245.82,True,True,True,True,False,True,True,False,False,False,True,False,True,False,True,False,False,False,False,False,False,True,False,False,True,False
0,24,68.41,1641.84,0,2.7363999999999997,0,0,1641.84,False,True,True,False,True,False,False,True,False,True,False,False,False,False,False,True,True,False,False,True,True,False,True,False,True,False
0,23,34.61,796.03,0,1.4420833333333334,0,0,796.03,True,False,False,False,False,True,False,True,True,False,False,True,True,False,False,True,False,False,False,True,False,False,False,False,False,False
0,12,118.11,1417.32,0,9.085384615384616,1,0,1417.32,False,True,False,True,False,True,False,False,False,True,False,False,False,False,False,False,True,False,False,False,True,False,False,False,True,False
1,67,76.18,5104.06,0,1.1202941176470589,0,0,5104.06,False,True,True,True,True,False,True,False,False,True,True,False,False,False,False,True,False,True,True,False,False,True,False,False,False,False
0,35,29.63,1037.05,0,0.8230555555555555,0,0,1037.05,False,False,False,True,False,False,False,True,False,True,False,True,True,False,False,False,False,False,False,True,True,False,False,False,False,False
0,14,96.58,1352.12,1,6.438666666666666,1,0,1352.12,False,False,True,False,False,False,True,False,False,True,False,True,True,False,False,True,False,False,False,True,False,False,False,False,False,False
1,56,76.29,4272.24,0,1.338421052631579,0,0,4272.240000000001,True,True,False,True,True,False,False,True,False,True,False,False,False,True,False,False,True,False,True,False,True,False,True,False,False,False
1,30,101.78,3053.4,0,3.283225806451613,1,0,3053.4,False,True,False,False,False,False,False,True,True,False,False,True,True,False,False,False,True,False,False,False,False,True,True,False,True,False
1,63,21.64,1363.32,0,0.338125,0,0,1363.32,False,False,False,True,False,False,False,False,False,False,True,False,False,False,False,True,True,False,False,True,False,True,True,False,True,False
1,25,108.02,2700.5,1,4.154615384615385,1,0,2700.5,False,False,False,True,False,False,False,True,False,False,False,True,False,True,False,False,False,False,False,True,False,False,False,True,False,False
1,71,73.39,5210.69,0,1.0193055555555555,0,0,5210.69,False,False,True,False,False,True,True,False,False,False,True,False,False,False,True,False,False,False,False,True,False,True,False,False,False,True
1,2,105.3,210.6,0,35.1,1,1,210.6,False,False,False,False,True,False,False,False,False,False,False,True,False,False,False,True,False,False,False,False,True,False,True,True,False,False
0,62,51.59,3198.58,0,0.8188888888888889,0,0,3198.5800000000004,False,False,True,True,False,True,False,True,False,True,False,True,True,False,False,True,False,True,False,False,False,True,False,False,False,True
0,50,73.61,3680.5,0,1.4433333333333334,0,0,3680.5,False,True,True,False,False,True,False,False,False,True,False,False,False,True,False,False,False,True,False,False,False,False,False,False,False,False
1,68,23.39,1590.52,0,0.3389855072463768,0,0,1590.52,True,True,False,True,False,False,False,False,False,True,False,True,False,True,False,True,False,True,True,False,False,True,True,False,False,True
1,60,54.64,3278.4,0,0.8957377049180328,0,0,3278.4,True,True,False,True,False,True,False,True,False,True,False,False,True,False,False,True,False,True,False,False,False,True,True,False,False,True
1,26,42.67,1109.42,0,1.5803703703703704,0,0,1109.42,True,True,False,True,False,True,False,False,False,False,False,True,False,True,True,False,False,True,False,False,False,False,True,True,False,False
0,7,95.97,671.79,1,11.99625,1,1,671.79,False,True,True,False,False,False,False,True,True,False,False,False,False,False,False,False,True,False,False,False,True,False,True,True,False,False
1,23,119.75,2754.25,0,4.989583333333333,1,0,2754.25,True,False,False,True,False,True,True,False,False,False,True,False,True,False,True,False,True,False,False,False,False,True,True,False,False,True
1,59,85.01,5015.59,0,1.4168333333333334,1,0,5015.59,False,True,True,False,False,False,True,False,True,False,True,False,True,False,True,False,False,False,True,False,True,False,False,False,True,False
0,27,108.8,2937.6,1,3.8857142857142857,1,0,2937.6,True,False,False,True,False,False,False,False,False,False,False,False,True,False,False,False,False,True,False,False,False,False,True,False,False,True
1,48,72.46,3478.08,0,1.4787755102040816,0,0,3478.08,False,False,True,False,False,False,True,False,True,False,False,True,True,False,False,False,True,False,True,False,True,False,True,False,False,True
1,6,90.37,542.22,0,12.91,1,1,542.22,True,False,True,False,True,False,False,False,False,False,True,False,True,False,True,False,False,True,False,False,True,False,False,True,False,False
1,21,24.74,519.54,1,1.1245454545454545,0,0,519.54,True,False,False,True,True,False,True,False,False,True,True,False,False,False,False,False,True,False,False,False,False,False,False,False,False,False
0,23,41.25,948.75,0,1.71875,0,0,948.75,False,True,True,False,False,True,False,False,False,False,False,True,False,False,False,False,False,True,False,True,True,False,True,False,False,False
1,5,77.81,389.05,0,12.968333333333334,0,1,389.05,False,False,True,True,False,False,True,False,False,True,False,True,True,False,True,False,False,True,True,False,False,True,False,False,False,False
1,13,48.8,634.4,0,3.4857142857142853,0,0,634.4,False,True,True,False,False,True,False,False,False,False,False,False,True,False,False,False,True,False,True,False,False,True,True,False,False,True
1,32,83.28,2664.96,0,2.5236363636363635,1,0,2664.96,False,True,False,True,False,False,True,False,False,True,True,False,False,False,True,False,False,False,False,False,False,True,True,False,False,False
1,20,109.81,2196.2,1,5.229047619047619,1,0,2196.2,False,True,True,True,True,False,False,False,True,False,False,True,False,False,False,False,False,False,False,True,False,False,True,False,True,False
1,5,39.2,196.0,0,6.533333333333334,0,1,196.0,True,False,False,False,False,True,False,False,False,False,True,False,True,False,False,True,False,False,True,False,False,True,True,False,False,True
1,31,79.68,2470.08,0,2.49,0,0,2470.0800000000004,True,False,True,False,True,False,False,False,False,True,True,False,False,False,False,True,True,False,False,False,True,False,False,False,False,True
0,34,60.22,2047.48,0,1.7205714285714286,0,0,2047.48,True,False,True,False,False,False,False,True,False,True,False,True,False,True,False,False,False,True,False,False,False,False,True,True,False,False
0,21,73.94,1552.74,0,3.360909090909091,0,0,1552.74,True,True,True,False,False,False,True,False,False,False,False,False,True,False,True,False,False,False,True,False,True,False,True,False,False,True
0,72,86.9,6256.8,0,1.1904109589041096,1,0,6256.8,True,False,True,True,False,True,True,False,False,False,True,False,False,False,False,True,True,False,True,False,False,True,True,False,False,False
1,20,21.85,437.0,0,1.0404761904761906,0,0,437.0,True,False,True,True,True,False,False,True,False,False,False,False,False,False,False,True,False,True,False,True,False,False,True,True,False,False
0,46,106.27,4888.42,0,2.261063829787234,1,0,4888.42,False,False,False,True,False,False,True,False,False,True,False,False,False,True,False,True,False,False,True,False,False,True,False,False,False,False
0,54,87.3,4714.2,1,1.5872727272727272,1,0,4714.2,False,False,False,True,False,True,False,True,True,False,False,False,True,False,False,True,False,False,False,False,False,False,True,False,False,False
0,12,98.83,1185.96,1,7.602307692307692,1,0,1185.96,False,False,True,True,True,False,True,False,False,True,False,False,False,False,True,False,False,True,False,False,False,False,True,True,False,False
0,8,81.91,655.28,1,9.101111111111111,1,1,655.28,True,True,False,False,False,False,False,False,False,True,False,False,True,False,False,False,True,False,False,True,False,True,False,True,False,False
0,69,107.77,7436.13,0,1.5395714285714286,1,0,7436.13,True,False,True,False,False,False,False,False,True,False,False,True,False,True,False,True,False,True,False,True,True,False,True,False,False,False
1,67,81.28,5445.76,1,1.1952941176470588,1,0,5445.76,False,True,False,True,True,False,True,False,False,False,True,False,True,False,False,True,False,False,True,False,False,False,False,True,False,False
0,52,66.34,3449.68,0,1.2516981132075473,0,0,3449.6800000000003,True,True,False,False,False,True,True,False,True,False,True,False,False,False,True,False,False,True,False,True,False,False,False,True,False,False
0,30,72.69,2180.7,0,2.3448387096774193,0,0,2180.7,False,False,False,False,True,False,False,True,True,False,True,False,False,False,True,False,False,False,True,False,True,False,True,False,False,True
0,62,99.2,6150.4,0,1.5746031746031746,1,0,6150.400000000001,False,True,True,False,False,False,False,True,True,False,False,True,False,False,False,False,False,False,False,True,False,True,True,False,False,False
1,28,68.22,1910.16,0,2.352413793103448,0,0,1910.1599999999999,False,True,True,False,True,False,True,False,False,True,True,False,False,False,False,False,True,False,False,False,False,True,True,False,False,True
0,48,96.97,4654.56,0,1.9789795918367348,1,0,4654.5599999999995,False,True,True,False,False,False,False,False,True,False,True,False,True,False,False,True,False,False,False,True,False,True,True,False,True,False
1,22,81.9,1801.8,0,3.5608695652173914,1,0,1801.8000000000002,True,True,True,False,False,True,True,False,False,False,False,False,True,False,True,False,False,True,False,False,True,False,True,False,False,True
1,69,106.34,7337.46,0,1.5191428571428571,1,0,7337.46,True,True,False,False,False,False,True,False,False,True,True,False,True,False,True,False,False,True,True,False,True,False,False,False,False,True
1,64,76.8,4915.2,0,1.1815384615384614,0,0,4915.2,True,False,False,False,False,True,False,False,False,True,False,True,False,True,True,False,True,False,False,True,False,True,True,False,False,False
0,70,97.02,6791.4,0,1.3664788732394366,1,0,6791.4,False,False,False,False,False,False,False,True,False,True,False,False,True,False,False,False,False,True,False,False,False,True,False,True,False,False
1,39,35.21,1373.19,0,0.88025,0,0,1373.19,False,False,False,False,True,False,False,True,False,False,True,False,False,True,False,False,True,False,False,False,False,True,False,False,False,True
1,3,75.56,226.68,1,18.89,0,1,226.68,True,True,True,False,False,True,True,False,False,False,False,False,False,False,True,False,False,True,True,False,False,False,False,False,True,False
1,72,97.2,6998.4,0,1.3315068493150686,1,0,6998.400000000001,True,True,False,False,True,False,False,True,False,True,True,False,True,False,False,False,True,False,False,True,False,True,False,False,False,False
1,62,75.18,4661.16,0,1.1933333333333334,0,0,4661.160000000001,True,True,False,False,False,True,False,False,True,False,True,False,True,False,False,True,False,True,False,True,False,True,False,False,False,False
0,59,112.7,6649.3,0,1.8783333333333334,1,0,6649.3,False,True,True,True,True,False,False,True,False,True,True,False,True,False,True,False,True,False,True,False,False,True,True,False,False,True
0,64,48.2,3084.8,0,0.7415384615384616,0,0,3084.8,False,False,False,True,True,False,False,True,False,True,False,True,False,True,True,False,False,False,True,False,False,True,False,True,False,False
1,41,49.07,2011.87,0,1.1683333333333334,0,0,2011.8700000000001,False,False,False,True,False,False,True,False,True,False,False,True,False,True,False,True,True,False,False,False,True,False,True,True,False,False
0,41,24.82,1017.62,0,0.590952380952381,0,0,1017.62,False,False,True,True,False,True,True,False,False,True,False,False,False,False,True,False,True,False,True,False,False,True,False,False,False,False
1,49,64.81,3175.69,0,1.2962,0,0,3175.69,False,True,True,True,True,False,False,False,False,True,False,False,True,False,True,False,False,False,False,True,False,False,True,False,True,False
1,17,29.93,508.81,0,1.6627777777777777,0,0,508.81,False,True,True,False,False,True,False,False,True,False,True,False,False,True,False,False,False,True,False,True,False,False,True,True,False,False
0,40,119.55,4782.0,0,2.9158536585365855,1,0,4782.0,True,False,False,True,False,True,False,True,False,True,False,False,True,False,True,False,False,False,False,True,False,True,True,True,False,False
1,71,32.15,2282.65,0,0.44652777777777775,0,0,2282.65,False,False,False,False,False,True,True,False,False,False,True,False,False,True,False,True,True,False,False,False,True,False,False,False,True,False
1,44,23.7,1042.8,0,0.5266666666666666,0,0,1042.8,True,False,True,False,True,False,False,True,True,False,False,False,False,False,False,True,True,False,False,False,False,True,True,False,False,True
0,70,76.65,5365.5,0,1.0795774647887324,0,0,5365.5,True,True,True,False,True,False,False,False,False,True,False,False,True,False,False,True,False,False,False,True,True,False,True,False,False,False
1,63,93.21,5872.23,0,1.45640625,1,0,5872.23,False,True,True,False,False,True,True,False,True,False,True,False,True,False,True,False,True,False,False,False,True,False,False,False,False,False
0,67,65.93,4417.31,0,0.9695588235294119,0,0,4417.31,True,True,True,False,False,True,True,False,False,True,True,False,True,False,False,True,True,False,True,False,False,True,True,True,False,False
1,56,58.9,3298.4,0,1.0333333333333332,0,0,3298.4,False,True,True,False,True,False,False,True,True,False,True,False,False,False,False,True,False,False,False,False,True,False,True,False,False,False
1,41,70.33,2883.53,0,1.6745238095238095,0,0,2883.5299999999997,False,False,False,True,False,False,True,False,False,True,False,True,True,False,True,False,False,False,False,False,False,True,False,False,False,False
1,41,69.75,2859.75,0,1.6607142857142858,0,0,2859.75,True,True,True,False,True,False,False,False,True,False,False,True,False,False,False,False,False,True,True,False,False,True,False,False,False,True
1,3,93.01,279.03,0,23.2525,1,1,279.03000000000003,False,False,False,False,True,False,False,False,False,True,False,True,False,True,False,True,True,False,True,False,True,False,False,False,False,True
1,17,59.97,1019.49,0,3.3316666666666666,0,0,1019.49,False,False,False,False,False,True,False,True,True,False,True,False,False,False,True,False,False,False,False,True,False,False,False,True,False,False
0,18,59.72,1074.96,0,3.143157894736842,0,0,1074.96,True,True,True,False,False,True,False,False,False,False,False,True,False,False,False,True,False,True,False,True,True,False,True,False,False,True
1,43,34.06,1464.58,1,0.7740909090909092,0,0,1464.5800000000002,True,True,False,False,True,False,True,False,True,False,True,False,False,True,False,False,False,True,True,False,False,False,False,True,False,False
0,6,43.11,258.66,1,6.158571428571428,0,1,258.65999999999997,True,True,False,False,False,True,False,True,False,False,False,False,False,True,False,False,False,True,False,False,False,False,False,False,True,False
0,49,50.96,2497.04,0,1.0192,0,0,2497.04,False,True,False,False,True,False,False,False,False,False,False,True,True,False,False,False,False,True,False,True,False,True,True,False,False,True
1,33,78.59,2593.47,0,2.311470588235294,0,0,2593.4700000000003,True,False,True,True,False,False,False,True,True,False,True,False,False,True,True,False,False,False,True,False,True,False,True,False,False,True
0,34,82.49,2804.66,0,2.3568571428571428,1,0,2804.66,True,True,False,False,True,False,True,False,False,False,True,False,False,False,True,False,False,True,False,True,True,False,True,False,False,False
1,40,86.42,3456.8,0,2.1078048780487806,1,0,3456.8,False,True,True,False,True,False,False,False,False,False,False,True,True,False,False,True,False,True,False,False,False,True,True,False,False,False
0,23,113.35,2607.05,0,4.722916666666666,1,0,2607.0499999999997,True,True,False,False,False,False,False,True,False,False,False,True,True,False,False,False,False,True,False,True,True,False,True,False,False,False
0,47,50.8,2387.6,0,1.0583333333333333,0,0,2387.6,False,False,True,True,False,True,True,False,False,True,True,False,False,False,False,False,False,True,False,False,True,False,True,False,False,False
1,69,71.94,4963.86,0,1.0277142857142856,0,0,4963.86,True,False,True,False,True,False,True,False,True,False,False,True,False,True,False,True,False,False,True,False,True,False,True,True,False,False
0,64,109.32,6996.48,0,1.6818461538461538,1,0,6996.48,True,False,True,False,False,False,False,True,False,False,True,False,True,False,True,False,False,False,False,True,True,False,False,False,False,False
1,56,21.14,1183.84,0,0.37087719298245614,0,0,1183.8400000000001,False,True,False,False,True,False,False,True,False,True,True,False,True,False,True,False,False,False,False,True,True,False,False,False,False,False
0,70,118.75,8312.5,0,1.6725352112676057,1,0,8312.5,False,False,False,False,False,True,False,False,False,True,False,False,False,False,False,True,False,True,True,False,True,False,True,True,False,False
1,8,93.84,750.72,1,10.426666666666668,1,1,750.72,True,True,False,True,True,False,False,False,True,False,True,False,False,False,False,False,False,True,False,False,False,True,False,False,False,False
1,15,42.6,639.0,0,2.6625,0,0,639.0,False,True,True,True,True,False,False,False,True,False,True,False,False,True,False,True,False,False,False,False,False,False,False,False,False,True
1,67,39.0,2613.0,1,0.5735294117647058,0,0,2613.0,True,True,False,True,False,False,False,False,False,True,False,False,True,False,False,False,False,False,True,False,False,False,True,False,True,False
1,22,99.69,2193.18,0,4.334347826086956,1,0,2193.18,False,True,True,False,False,False,False,True,True,False,False,True,False,False,False,False,False,False,False,False,False,True,True,False,False,False
0,28,76.18,2133.04,0,2.6268965517241383,0,0,2133.04,True,False,False,True,False,True,True,False,False,True,False,True,False,False,False,True,False,False,False,False,False,True,True,False,True,False
0,13,43.71,568.23,0,3.1221428571428573,0,0,568.23,False,True,False,False,False,False,False,True,False,False,False,True,False,False,False,False,True,False,True,False,True,False,False,False,True,False
1,64,22.95,1468.8,0,0.35307692307692307,0,0,1468.8,False,False,False,True,False,True,False,True,False,False,True,False,False,True,True,False,True,False,True,False,False,False,False,False,True,False
1,22,53.8,1183.6,0,2.3391304347826085,0,0,1183.6,True,False,True,True,False,True,False,False,False,True,False,False,False,False,False,True,False,False,False,True,True,False,False,False,True,False
1,53,101.07,5356.71,1,1.8716666666666666,1,0,5356.71,True,True,False,False,False,False,False,True,False,True,False,False,False,False,False,False,True,False,False,True,False,False,False,False,True,False
0,36,47.85,1722.6,0,1.2932432432432432,0,0,1722.6000000000001,True,True,True,False,False,False,False,False,False,False,True,False,False,True,True,False,False,False,True,False,False,True,False,True,False,False
1,12,105.37,1264.44,0,8.105384615384615,1,0,1264.44,True,False,False,True,False,True,False,True,False,True,False,True,False,False,True,False,True,False,False,True,True,False,False,True,False,False
0,62,53.15,3295.3,0,0.8436507936507937,0,0,3295.2999999999997,False,True,True,False,False,True,False,True,True,False,False,True,True,False,False,False,False,True,False,True,False,True,True,False,False,False
1,68,64.58,4391.44,0,0.9359420289855073,0,0,4391.44,False,False,False,True,True,False,False,True,False,True,False,True,False,False,False,True,False,True,False,False,True,False,False,False,False,False
1,6,91.87,551.22,1,13.124285714285715,1,1,551.22,True,True,True,True,False,False,False,True,False,False,True,False,False,True,False,False,False,False,False,False,False,False,False,False,True,False
0,49,24.39,1195.11,0,0.4878,0,0,1195.1100000000001,True,False,False,False,False,False,False,False,False,True,False,False,True,False,True,False,False,False,True,False,True,False,True,False,True,False
0,63,115.51,7277.13,0,1.80484375,1,0,7277.13,True,False,True,True,True,False,False,False,False,False,False,False,True,False,True,False,False,False,False,False,True,False,True,False,True,False
1,40,60.58,2423.2,1,1.477560975609756,0,0,2423.2,False,True,True,False,False,False,True,False,False,False,False,False,True,False,False,False,True,False,False,False,False,False,True,False,False,False
0,34,23.32,792.88,0,0.6662857142857143,0,0,792.88,False,False,True,True,False,False,False,False,False,True,False,False,True,False,True,False,True,False,False,True,False,False,False,False,True,False
0,62,88.42,5482.04,0,1.4034920634920636,1,0,5482.04,True,False,False,True,False,False,False,False,False,False,False,False,False,False,False,True,False,False,False,True,False,True,True,False,False,True
0,21,94.89,1992.69,0,4.3131818181818184,1,0,1992.69,False,False,True,False,True,False,True,False,False,True,False,True,False,False,False,False,False,False,False,False,False,True,False,False,False,True
0,25,44.85,1121.25,0,1.725,0,0,1121.25,True,False,True,False,False,True,False,False,False,False,True,False,True,False,True,False,False,True,False,True,True,False,True,False,False,True
1,22,69.97,1539.34,0,3.042173913043478,0,0,1539.34,True,True,False,False,False,True,True,False,False,True,False,True,False,True,False,False,True,False,True,False,True,False,False,True,False,False
1,1,26.39,26.39,1,13.195,0,1,26.39,True,True,True,False,True,False,True,False,True,False,False,True,False,False,True,False,False,True,False,True,False,False,False,True,False,False
1,52,79.11,4113.72,0,1.4926415094339622,0,0,4113.72,True,False,False,True,True,False,False,False,False,True,True,False,False,True,False,True,True,False,True,False,True,False,False,True,False,False
0,27,60.02,1620.54,0,2.1435714285714287,0,0,1620.5400000000002,True,True,False,False,False,False,False,False,False,False,False,True,True,False,False,False,False,False,False,True,False,False,True,False,False,True
0,47,70.07,3293.29,0,1.4597916666666666,0,0,3293.2899999999995,True,False,True,False,False,True,False,False,True,False,False,False,False,True,False,True,True,False,False,False,True,False,False,False,False,False
0,8,25.78,206.24,1,2.8644444444444446,0,1,206.24,True,True,True,True,False,False,False,False,False,False,False,False,False,False,False,False,True,False,False,False,False,False,True,False,True,False
1,1,116.97,116.97,1,58.485,1,1,116.97,True,False,False,False,False,False,False,False,False,False,False,False,False,False,False,True,False,False,False,True,False,True,False,False,True,False
0,23,114.42,2631.66,0,4.7675,1,0,2631.66,False,False,True,False,False,False,False,False,True,False,False,True,False,True,False,True,False,True,False,True,True,False,False,False,False,True
1,50,99.19,4959.5,1,1.9449019607843137,1,0,4959.5,True,True,True,True,False,False,False,True,False,False,False,True,False,True,False,True,True,False,False,False,False,False,True,False,False,False
1,56,91.88,5145.28,0,1.6119298245614033,1,0,5145.28,False,False,True,False,True,False,False,False,False,False,False,True,True,False,False,False,False,True,False,True,True,False,True,True,False,False
1,17,40.2,683.4,0,2.2333333333333334,0,0,683.4000000000001,True,False,True,False,True,False,True,False,False,False,False,True,False,False,True,False,True,False,True,False,False,True,True,False,False,False
0,26,90.27,2347.02,0,3.3433333333333333,1,0,2347.02,False,False,True,True,True,False,False,True,True,False,False,False,False,True,False,True,True,False,False,True,False,True,True,False,False,False
0,44,96.98,4267.12,1,2.155111111111111,1,0,4267.12,True,True,False,False,True,False,False,False,True,False,False,False,True,False,False,False,False,False,False,True,False,False,False,False,False,False
1,23,21.64,497.72,0,0.9016666666666667,0,0,497.72,True,False,False,False,False,True,False,True,False,True,True,False,True,False,False,True,False,True,False,False,True,False,True,True,False,False
0,59,40.07,2364.13,0,0.6678333333333334,0,0,2364.13,True,False,True,True,True,False,True,False,False,False,False,True,True,False,True,False,False,False,True,False,False,False,False,False,False,True
0,40,52.65,2106.0,0,1.2841463414634147,0,0,2106.0,True,True,False,True,False,True,False,True,True,False,True,False,True,False,False,True,False,False,False,False,False,False,True,False,True,False
0,15,76.86,1152.9,0,4.80375,0,0,1152.9,False,True,True,False,True,False,False,True,True,False,True,False,True,False,True,False,False,True,True,False,False,True,False,True,False,False
1,55,53.69,2952.95,0,0.95875,0,0,2952.95,False,True,False,True,False,True,True,False,False,False,False,True,True,False,False,True,False,True,False,False,False,True,False,False,False,True
1,39,108.49,4231.11,0,2.71225,1,0,4231.11,False,True,True,True,True,False,False,False,True,False,False,False,False,True,False,True,True,False,False,False,True,False,False,True,False,False
1,23,40.91,940.93,0,1.7045833333333331,0,0,940.93,True,False,False,True,False,True,True,False,False,False,True,False,False,False,True,False,False,False,True,False,False,False,False,False,False,True
1,24,76.96,1847.04,0,3.0784,0,0,1847.04,True,False,True,False,True,False,False,False,False,False,True,False,False,False,True,False,True,False,False,True,False,True,False,False,True,False
1,15,93.76,1406.4,1,5.86,1,0,1406.4,False,True,False,False,False,False,True,False,True,False,False,True,False,False,False,False,False,False,False,True,True,False,True,False,True,False
0,68,31.51,2142.68,0,0.45666666666666667,0,0,2142.6800000000003,False,True,True,False,False,True,False,True,False,False,False,False,False,False,False,True,False,False,False,False,True,False,True,False,True,False
0,64,99.83,6389.12,0,1.5358461538461539,1,0,6389.12,False,False,False,False,False,False,False,True,False,True,True,False,False,False,True,False,False,False,False,True,True,False,False,False,False,True
0,22,99.59,2190.98,0,4.33,1,0,2190.98,True,True,False,False,False,True,False,True,True,False,False,False,False,True,False,False,False,True,True,False,True,False,True,True,False,False
0,10,48.41,484.1,1,4.40090909090909,0,1,484.09999999999997,True,False,False,True,False,False,False,False,False,True,False,False,False,True,True,False,False,False,False,False,False,False,False,False,False,True
0,65,46.27,3007.55,0,0.7010606060606062,0,0,3007.55,False,True,False,False,False,False,False,True,True,False,False,False,False,False,False,True,True,False,False,True,False,True,True,False,False,False
1,2,99.0,198.0,1,33.0,1,1,198.0,True,True,True,False,False,True,False,False,True,False,True,False,False,True,False,False,False,True,False,True,False,False,True,True,False,False
0,28,76.01,2128.28,0,2.621034482758621,0,0,2128.28,True,True,True,False,False,False,False,True,True,False,False,False,False,True,True,False,False,False,True,False,True,False,False,False,True,False
0,44,44.59,1961.96,0,0.9908888888888889,0,0,1961.96,True,False,True,True,False,True,False,False,True,False,True,False,True,False,False,False,False,False,False,True,True,False,False,False,True,False
1,64,32.46,2077.44,0,0.49938461538461537,0,0,2077.44,False,True,False,False,False,False,False,True,True,False,True,False,False,True,True,False,False,False,False,True,True,False,True,False,False,True
0,68,86.06,5852.08,0,1.2472463768115942,1,0,5852.08,False,False,True,True,False,True,True,False,False,True,False,False,True,False,False,False,False,True,False,True,True,False,False,False,False,False
0,19,83.36,1583.84,0,4.168,1,0,1583.84,True,True,False,True,False,True,True,False,False,False,True,False,False,True,False,True,False,False,False,True,False,True,False,False,False,False
0,25,22.12,553.0,0,0.8507692307692308,0,0,553.0,False,True,False,True,True,False,False,True,False,True,True,False,True,False,False,True,False,True,True,False,False,True,False,False,True,False
1,9,29.59,266.31,1,2.959,0,1,266.31,False,True,True,False,True,False,True,False,False,True,False,False,True,False,True,False,False,True,False,False,False,False,False,True,False,False
0,34,101.46,3449.64,0,2.8988571428571426,1,0,3449.64,True,False,False,False,False,False,False,True,False,True,False,False,False,False,False,True,False,False,False,True,False,True,True,False,True,False
1,70,70.25,4917.5,0,0.9894366197183099,0,0,4917.5,False,False,True,False,True,False,False,True,False,True,True,False,True,False,True,False,True,False,False,True,True,False,True,True,False,False
1,49,78.41,3842.09,0,1.5682,0,0,3842.0899999999997,False,False,True,True,False,True,False,True,False,True,False,True,False,True,True,False,True,False,True,False,True,False,True,True,False,False
1,17,68.12,1158.04,0,3.7844444444444445,0,0,1158.04,False,False,True,False,True,False,False,True,True,False,False,True,False,False,False,True,True,False,False,True,True,False,True,True,False,False
0,33,108.64,3585.12,0,3.195294117647059,1,0,3585.12,False,False,False,True,True,False,False,True,True,False,True,False,False,True,False,True,False,True,True,False,True,False,False,True,False,False
0,69,70.34,4853.46,0,1.004857142857143,0,0,4853.46,True,False,True,False,True,False,True,False,True,False,False,False,False,True,False,False,True,False,False,False,False,True,True,False,True,False
0,18,56.8,1022.4,0,2.9894736842105263,0,0,1022.4,False,False,False,True,False,False,False,True,False,False,False,True,False,False,True,False,False,True,True,False,False,True,True,True,False,False
1,47,118.0,5546.0,0,2.4583333333333335,1,0,5546.0,False,False,False,False,False,True,False,True,False,False,True,False,False,True,True,False,True,False,False,True,True,False,False,False,False,True
1,38,29.59,1124.42,0,0.7587179487179487,0,0,1124.42,True,False,True,True,False,False,True,False,False,True,True,False,False,True,False,True,True,False,False,True,False,False,True,True,False,False
0,27,80.26,2167.02,1,2.8664285714285715,1,0,2167.02,False,False,True,False,False,True,False,False,False,True,True,False,False,True,False,True,True,False,False,False,False,False,True,True,False,False
1,69,43.71,3015.99,0,0.6244285714285714,0,0,3015.9900000000002,False,True,True,False,True,False,True,False,True,False,False,False,False,False,True,False,True,False,False,True,False,True,False,True,False,False
1,2,107.68,215.36,1,35.89333333333334,1,1,215.36,False,True,False,True,False,True,True,False,False,True,False,True,True,False,True,False,True,False,False,True,True,False,True,False,True,False
0,43,30.42,1308.06,0,0.6913636363636364,0,0,1308.0600000000002,True,False,False,True,True,False,True,False,False,False,False,True,True,False,False,True,False,True,False,True,False,True,False,False,False,False
1,61,96.17,5866.37,1,1.5511290322580646,1,0,5866.37,False,False,True,False,False,False,False,False,False,False,True,False,False,True,False,True,False,False,False,False,False,False,True,False,False,True
1,52,76.25,3965.0,0,1.4386792452830188,0,0,3965.0,False,False,False,True,False,False,False,False,True,False,False,False,False,False,False,True,False,True,False,True,True,False,False,True,False,False
1,5,104.06,520.3,1,17.343333333333334,1,1,520.3,False,False,False,False,False,False,False,True,True,False,False,True,False,False,True,False,False,True,False,False,False,False,False,False,False,False
0,33,80.84,2667.72,0,2.3776470588235297,1,0,2667.7200000000003,True,False,False,True,False,False,False,True,False,False,True,False,False,True,True,False,False,True,True,False,False,True,True,True,False,False
1,35,72.59,2540.65,0,2.016388888888889,0,0,2540.65,True,False,True,True,True,False,True,False,False,True,False,False,True,False,False,True,True,False,False,True,False,False,True,True,False,False
1,8,36.61,292.88,1,4.067777777777778,0,1,292.88,True,True,True,False,True,False,True,False,True,False,False,False,False,False,False,False,True,False,False,False,False,False,True,False,True,False
0,37,89.15,3298.55,0,2.3460526315789476,1,0,3298.55,True,False,True,True,False,False,False,False,True,False,True,False,False,True,False,False,False,False,True,False,False,True,False,False,True,False
1,30,78.44,2353.2,0,2.5303225806451612,0,0,2353.2,True,False,True,True,True,False,True,False,False,True,False,False,True,False,False,False,True,False,False,False,True,False,False,False,False,False
0,67,92.8,6217.6,0,1.3647058823529412,1,0,6217.599999999999,True,True,False,False,False,True,False,False,False,True,False,False,False,False,True,False,False,False,False,False,True,False,True,False,False,True
0,21,49.24,1034.04,0,2.2381818181818183,0,0,1034.04,False,False,False,False,False,False,True,False,False,True,False,True,True,False,True,False,False,False,False,True,False,True,True,False,True,False
0,7,102.69,718.83,1,12.83625,1,1,718.8299999999999,True,False,True,False,False,True,False,True,True,False,False,True,False,True,False,False,False,False,False,True,False,True,False,True,False,False
1,42,23.97,1006.74,0,0.5574418604651162,0,0,1006.74,False,False,False,False,False,False,True,False,False,False,False,False,False,False,False,False,True,False,False,False,True,False,True,False,False,True
1,68,73.56,5002.08,0,1.0660869565217392,0,0,5002.08,False,False,False,False,False,False,False,True,False,True,True,False,False,True,False,True,True,False,False,True,False,False,False,False,False,True
1,66,41.05,2709.3,0,0.612686567164179,0,0,2709.2999999999997,True,True,True,True,False,True,False,True,False,False,False,False,False,True,True,False,True,False,True,False,True,False,True,False,False,True
0,41,21.44,879.04,0,0.5104761904761905,0,0,879.0400000000001,False,False,False,False,False,True,False,False,True,False,True,False,False,True,False,True,False,False,True,False,False,False,True,False,False,True
0,5,95.36,476.8,1,15.893333333333333,1,1,476.8,False,True,True,False,False,False,False,False,False,True,False,False,False,False,True,False,True,False,True,False,False,False,False,False,True,False
0,37,82.36,3047.32,0,2.1673684210526316,1,0,3047.32,True,True,True,False,True,False,True,False,False,True,True,False,True,False,False,False,False,True,False,True,True,False,False,False,False,False
0,33,58.27,1922.91,0,1.7138235294117647,0,0,1922.91,False,False,True,True,False,False,False,True,False,False,True,False,False,True,False,True,False,True,False,False,True,False,False,True,False,False
0,26,35.9,933.4,0,1.3296296296296295,0,0,933.4,False,True,True,True,False,True,False,False,False,True,True,False,False,True,True,False,True,False,True,False,False,True,False,False,True,False
1,13,117.34,1525.42,0,8.381428571428572,1,0,1525.42,False,False,False,True,False,True,True,False,False,True,False,False,False,True,True,False,True,False,False,True,False,True,False,False,False,True
1,53,96.94,5137.82,1,1.7951851851851852,1,0,5137.82,False,True,True,False,False,False,False,True,False,False,True,False,True,False,False,True,True,False,False,False,False,False,True,False,False,True
1,64,69.8,4467.2,0,1.073846153846154,0,0,4467.2,False,True,True,False,False,False,False,False,False,True,False,True,False,False,True,False,False,True,False,False,False,False,True,True,False,False
1,17,106.12,1804.04,0,5.895555555555556,1,0,1804.04,False,True,False,False,True,False,True,False,False,False,False,True,False,True,False,False,False,True,False,True,True,False,True,True,False,False
0,56,24.37,1364.72,0,0.42754385964912284,0,0,1364.72,False,False,False,False,False,True,False,False,False,False,False,False,True,False,False,True,False,True,False,False,False,True,True,False,True,False
0,35,98.7,3454.5,0,2.7416666666666667,1,0,3454.5,True,False,True,True,False,True,False,True,False,True,True,False,False,True,True,False,False,True,False,False,True,False,True,True,False,False
1,46,119.16,5481.36,0,2.53531914893617,1,0,5481.36,True,True,True,False,False,True,False,True,False,False,False,True,False,True,True,False,False,False,True,False,True,False,False,False,False,False
0,62,24.06,1491.72,0,0.38190476190476186,0,0,1491.72,True,True,True,False,False,False,False,False,False,True,False,False,True,False,True,False,True,False,True,False,False,False,True,False,True,False
0,28,82.72,2316.16,0,2.852413793103448,1,0,2316.16,False,True,False,False,True,False,True,False,False,True,False,True,True,False,False,True,True,False,False,False,False,True,False,True,False,False
1,14,68.44,958.16,0,4.562666666666667,0,0,958.16,False,False,True,True,False,True,True,False,False,False,False,True,True,False,False,False,False,True,False,False,True,False,False,False,False,True
0,28,37.33,1045.24,1,1.2872413793103448,0,0,1045.24,True,True,True,False,False,True,False,False,False,True,False,False,False,False,False,False,True,False,False,True,False,False,False,False,True,False
1,62,115.48,7159.76,0,1.833015873015873,1,0,7159.76,False,False,False,False,True,False,True,False,False,False,True,False,True,False,True,False,False,False,False,True,False,True,False,False,True,False
1,48,67.71,3250.08,1,1.3818367346938774,0,0,3250.08,False,True,False,False,True,False,True,False,False,True,True,False,False,True,True,False,False,False,True,False,False,False,True,False,True,False
1,41,100.64,4126.24,0,2.396190476190476,1,0,4126.24,False,True,True,False,True,False,False,True,False,True,False,True,False,True,False,True,False,False,False,False,False,True,True,False,False,False
0,13,101.08,1314.04,1,7.22,1,0,1314.04,False,False,True,False,True,False,True,False,False,False,False,False,False,True,False,True,False,False,False,True,False,False,False,False,False,True
1,38,23.49,892.62,0,0.6023076923076923,0,0,892.6199999999999,False,True,True,False,False,True,True,False,False,False,True,False,True,False,False,False,False,True,False,True,True,False,True,False,False,False
0,47,85.89,4036.83,1,1.789375,1,0,4036.83,False,False,False,False,True,False,True,False,True,False,False,False,True,False,True,False,False,True,False,True,False,False,False,False,False,True
0,22,90.01,1980.22,0,3.9134782608695655,1,0,1980.22,True,False,False,False,True,False,True,False,False,True,False,True,False,True,False,True,True,False,True,False,True,False,False,False,False,True
1,1,85.98,85.98,1,42.99,1,1,85.98,True,True,True,True,False,False,False,True,False,True,True,False,False,True,False,False,False,True,False,True,False,False,True,False,True,False
1,44,66.84,2940.96,1,1.4853333333333334,0,0,2940.96,True,True,True,True,False,False,True,False,False,False,True,False,False,False,False,False,False,True,True,False,False,False,True,False,False,False
1,13,82.25,1069.25,1,5.875,1,0,1069.25,False,True,True,False,False,True,True,False,False,False,True,False,True,False,False,False,False,True,True,False,False,True,True,False,True,False
0,53,35.86,1900.58,0,0.664074074074074,0,0,1900.58,True,True,False,True,True,False,True,False,False,True,False,True,False,False,False,True,False,False,False,True,True,False,True,True,False,False
0,46,91.27,4198.42,0,1.9419148936170212,1,0,4198.42,False,False,False,True,True,False,False,False,False,True,False,True,False,False,False,True,True,False,False,True,True,False,False,False,False,True
1,1,49.96,49.96,0,24.98,0,1,49.96,False,True,True,False,True,False,False,True,True,False,True,False,False,True,True,False,False,True,True,False,True,False,True,False,False,False
0,12,118.99,1427.88,0,9.153076923076922,1,0,1427.8799999999999,True,False,False,False,False,False,False,True,False,True,True,False,False,False,True,False,True,False,True,False,True,False,True,False,False,True
0,4,64.93,259.72,0,12.986,0,1,259.72,True,True,False,False,False,True,True,False,False,True,False,True,False,False,False,True,False,True,False,True,True,False,True,False,True,False
1,48,74.95,3597.6,0,1.529591836734694,0,0,3597.6000000000004,True,False,False,True,True,False,False,False,False,False,False,True,False,False,False,True,False,True,False,False,False,True,False,False,False,True
0,64,53.32,3412.48,0,0.8203076923076923,0,0,3412.48,False,False,False,True,False,True,False,True,False,True,False,False,False,True,False,True,False,False,True,False,False,False,False,False,False,True
0,10,105.17,1051.7,1,9.56090909090909,1,1,1051.7,True,True,True,False,False,False,False,True,False,True,False,True,False,True,False,True,True,False,False,False,False,False,True,True,False,False
0,25,91.2,2280.0,1,3.5076923076923077,1,0,2280.0,True,False,False,False,True,False,True,False,False,False,False,False,True,False,True,False,False,True,False,False,False,False,True,False,True,False
1,3,44.2,132.6,0,11.05,0,1,132.60000000000002,True,True,False,True,False,False,True,False,False,True,False,False,False,True,True,False,True,False,False,True,False,True,True,True,False,False
1,16,112.45,1799.2,0,6.614705882352942,1,0,1799.2,True,False,True,False,True,False,True,False,False,False,False,True,False,False,True,False,False,False,True,False,True,False,True,False,False,False
0,8,28.71,229.68,0,3.19,0,1,229.68,False,True,False,False,False,True,True,False,False,False,False,False,False,True,False,True,True,False,False,False,False,True,False,False,False,True
0,70,62.07,4344.9,0,0.874225352112676,0,0,4344.9,False,True,False,False,False,False,False,False,True,False,False,True,False,True,False,True,False,False,False,False,False,False,True,False,False,False
1,70,50.39,3527.3,1,0.709718309859155,0,0,3527.3,True,False,False,False,False,False,False,True,False,True,False,True,False,True,False,False,False,False,False,True,False,False,False,False,True,False
0,2,85.54,171.08,1,28.513333333333335,1,1,171.08,True,True,False,True,False,True,False,True,True,False,True,False,False,True,False,True,False,False,False,True,False,False,True,False,True,False
0,30,102.81,3084.3,0,3.3164516129032258,1,0,3084.3,True,True,True,False,False,False,False,False,False,True,False,True,False,False,True,False,False,False,True,False,True,False,False,False,False,True
0,65,51.52,3348.8,0,0.7806060606060606,0,0,3348.8,True,True,True,True,False,True,False,False,True,False,False,True,False,True,False,True,False,True,True,False,False,True,True,False,False,True
1,65,102.11,6637.15,0,1.5471212121212121,1,0,6637.15,True,False,True,False,False,False,False,False,False,False,True,False,False,True,False,True,False,False,False,True,True,False,False,False,False,True
0,60,35.65,2139.0,1,0.5844262295081967,0,0,2139.0,True,True,False,True,False,False,False,True,False,True,False,True,False,False,False,False,False,False,False,True,False,False,False,False,True,False
1,42,107.24,4504.08,0,2.493953488372093,1,0,4504.08,True,False,True,False,True,False,True,False,False,False,False,True,False,True,False,False,False,True,False,False,True,False,False,False,False,False
0,32,71.71,2294.72,0,2.173030303030303,0,0,2294.72,True,False,False,True,False,True,False,True,False,False,False,False,True,False,True,False,True,False,False,False,False,False,False,False,True,False
0,68,50.65,3444.2,0,0.7340579710144928,0,0,3444.2,True,True,True,False,True,False,False,False,True,False,False,True,True,False,False,False,False,False,False,True,True,False,True,False,True,False
0,47,77.4,3637.8,0,1.6125,0,0,3637.8,False,True,False,False,False,True,False,True,False,True,True,False,False,False,False,False,False,False,False,True,False,False,False,False,False,True
1,45,114.56,5155.2,0,2.4904347826086957,1,0,5155.2,True,False,False,True,False,False,False,True,False,True,False,False,True,False,False,True,False,True,True,False,False,True,False,True,False,False
0,69,29.43,2030.67,0,0.42042857142857143,0,0,2030.67,False,True,True,False,True,False,False,False,False,True,True,False,False,False,False,True,True,False,True,False,True,False,True,False,False,False
1,18,57.15,1028.7,0,3.0078947368421054,0,0,1028.7,False,False,False,True,False,False,False,True,False,False,False,False,True,False,False,True,False,True,False,True,False,True,True,False,False,True
0,64,104.41,6682.24,0,1.6063076923076922,1,0,6682.24,False,True,True,True,False,False,False,False,True,False,False,False,False,True,True,False,False,True,True,False,False,True,False,False,True,False
0,31,63.03,1953.93,0,1.9696875,0,0,1953.93,False,True,False,True,False,False,True,False,False,True,True,False,True,False,False,False,False,True,False,False,False,True,True,False,False,True
1,36,34.44,1239.84,0,0.9308108108108107,0,0,1239.84,True,True,True,False,True,False,False,True,False,True,False,True,False,True,False,True,True,False,True,False,True,False,False,False,False,True
0,30,102.23,3066.9,1,3.297741935483871,1,0,3066.9,False,False,True,False,False,True,False,True,False,False,False,True,False,False,False,False,False,False,True,False,False,False,False,False,False,False
0,33,47.78,1576.74,0,1.4052941176470588,0,0,1576.74,False,False,True,False,True,False,True,False,False,False,False,False,False,True,True,False,False,False,True,False,False,True,True,False,False,True
0,37,56.81,2101.97,0,1.495,0,0,2101.9700000000003,False,False,True,False,True,False,True,False,False,True,True,False,False,True,False,True,True,False,True,False,False,False,False,True,False,False
1,60,76.29,4577.4,0,1.2506557377049181,0,0,4577.400000000001,True,True,False,False,False,True,False,False,False,False,True,False,False,False,False,True,True,False,True,False,True,False,True,True,False,False
1,39,60.01,2340.39,0,1.5002499999999999,0,0,2340.39,False,False,True,True,True,False,True,False,False,False,True,False,True,False,False,True,False,True,False,True,True,False,False,True,False,False
0,33,28.28,933.24,0,0.831764705882353,0,0,933.24,True,True,False,True,False,False,True,False,False,True,False,False,False,False,False,True,False,True,False,True,False,True,False,False,False,False
0,13,83.11,1080.43,0,5.936428571428571,1,0,1080.43,False,False,True,False,False,False,True,False,True,False,False,True,True,False,False,False,False,True,False,True,False,True,True,False,False,False
1,67,119.9,8033.3,0,1.7632352941176472,1,0,8033.3,False,True,False,False,False,False,True,False,False,False,True,False,True,False,False,False,False,True,True,False,True,False,False,False,False,False
0,70,94.27,6598.9,1,1.3277464788732394,1,0,6598.9,True,True,True,False,False,False,True,False,True,False,False,False,False,True,False,True,False,False,False,True,False,False,True,True,False,False
1,30,76.5,2295.0,0,2.467741935483871,0,0,2295.0,False,False,False,True,False,True,False,False,False,False,False,True,False,False,False,False,True,False,False,False,True,False,False,False,True,False
0,32,23.35,747.2,0,0.7075757575757576,0,0,747.2,True,False,True,True,True,False,False,True,False,True,True,False,False,False,False,True,False,False,True,False,True,False,True,False,False,True
0,63,81.34,5124.42,1,1.2709375,1,0,5124.42,False,False,False,True,False,True,True,False,False,False,True,False,False,False,False,False,False,True,False,False,True,False,True,False,True,False
0,41,48.27,1979.07,0,1.1492857142857145,0,0,1979.0700000000002,False,True,True,True,False,True,False,False,True,False,False,True,False,False,True,False,False,False,False,True,False,True,False,True,False,False
1,35,52.21,1827.35,1,1.4502777777777778,0,0,1827.3500000000001,True,False,True,True,False,False,True,False,False,False,False,True,True,False,False,False,False,False,False,True,False,False,False,False,False,False
0,60,92.95,5577.0,1,1.5237704918032788,1,0,5577.0,True,True,True,False,False,False,False,True,False,True,True,False,False,False,False,False,False,False,True,False,False,False,True,False,False,False
1,72,50.85,3661.2,0,0.6965753424657535,0,0,3661.2000000000003,False,True,True,True,False,False,False,True,False,False,False,False,True,False,True,False,False,True,False,False,True,False,True,False,False,True
0,67,98.53,6601.51,0,1.4489705882352941,1,0,6601.51,True,False,False,False,True,False,False,True,True,False,False,True,False,True,False,False,False,False,True,False,True,False,False,False,False,False
1,26,35.03,910.78,0,1.2974074074074073,0,0,910.78,False,True,False,True,False,True,False,True,True,False,True,False,True,False,False,True,False,True,False,False,True,False,False,True,False,False
1,66,94.24,6219.84,1,1.4065671641791044,1,0,6219.839999999999,False,True,True,True,False,True,False,False,True,False,False,True,False,False,False,False,True,False,True,False,False,False,False,False,True,False
0,39,33.04,1288.56,0,0.826,0,0,1288.56,True,True,True,False,False,False,False,True,False,True,False,False,True,False,False,False,False,False,False,False,False,False,True,False,False,False
1,35,98.26,3439.1,0,2.729444444444445,1,0,3439.1000000000004,False,True,False,False,False,True,False,False,False,True,False,True,False,False,False,True,False,False,False,False,True,False,True,False,True,False
0,52,82.97,4314.44,0,1.5654716981132075,1,0,4314.44,False,False,False,False,True,False,False,True,False,True,False,False,False,False,True,False,False,True,False,True,True,False,True,False,True,False
0,17,87.9,1494.3,0,4.883333333333334,1,0,1494.3000000000002,False,False,True,True,True,False,False,True,False,False,True,False,False,False,False,True,False,True,False,True,True,False,True,False,False,False
0,9,113.2,1018.8,0,11.32,1,1,1018.8000000000001,False,True,False,False,False,True,False,True,True,False,True,False,False,True,False,True,True,False,True,False,True,False,True,True,False,False
0,70,25.63,1794.1,0,0.3609859154929577,0,0,1794.1,True,True,False,False,False,False,False,False,False,True,False,True,False,False,False,False,False,True,False,True,False,True,False,True,False,False
1,54,52.43,2831.22,1,0.9532727272727273,0,0,2831.22,False,False,False,False,False,False,True,False,True,False,False,False,False,False,False,False,False,True,False,False,False,False,True,False,False,False
1,63,75.12,4732.56,0,1.17375,0,0,4732.56,True,False,True,True,False,True,False,True,True,False,False,False,False,True,True,False,True,False,False,True,False,True,False,False,False,False
1,34,28.83,980.22,0,0.8237142857142856,0,0,980.2199999999999,True,True,False,True,False,False,False,True,False,False,True,False,False,True,False,True,True,False,False,False,False,True,True,False,False,False
1,65,45.01,2925.65,0,0.6819696969696969,0,0,2925.65,False,True,False,True,False,True,False,True,False,True,False,True,True,False,False,False,False,True,False,False,False,True,False,False,False,False
0,11,64.58,710.38,0,5.381666666666667,0,1,710.38,False,True,False,True,True,False,False,True,True,False,True,False,False,False,False,True,False,False,False,False,True,False,False,False,False,False
0,25,89.43,2235.75,0,3.4396153846153847,1,0,2235.75,True,True,False,False,False,False,False,False,True,False,False,True,True,False,False,True,False,False,True,False,False,True,False,True,False,False
0,51,103.83,5295.33,0,1.9967307692307692,1,0,5295.33,True,True,True,True,False,False,False,True,False,True,False,False,True,False,False,True,False,True,True,False,False,True,False,False,True,False
1,57,39.6,2257.2,0,0.6827586206896552,0,0,2257.2000000000003,False,False,True,False,False,True,False,False,False,False,False,True,False,False,False,True,False,False,False,True,True,False,False,True,False,False
1,55,112.12,6166.6,0,2.0021428571428572,1,0,6166.6,True,True,False,False,False,True,True,False,False,False,True,False,True,False,False,False,True,False,False,False,True,False,False,False,False,True
1,17,109.65,1864.05,0,6.091666666666667,1,0,1864.0500000000002,True,False,True,False,True,False,False,False,False,True,False,False,False,False,False,True,False,True,True,False,False,True,True,False,False,False
0,13,104.17,1354.21,0,7.440714285714286,1,0,1354.21,True,False,False,False,True,False,False,True,True,False,False,True,False,True,True,False,False,False,True,False,False,True,False,False,False,False
1,50,36.91,1845.5,0,0.7237254901960783,0,0,1845.4999999999998,False,True,False,True,False,True,False,False,False,False,False,False,False,True,True,False,False,True,False,True,False,True,False,False,False,False
0,2,46.52,93.04,0,15.506666666666668,0,1,93.04,True,False,False,True,True,False,False,False,False,True,False,False,False,True,True,False,True,False,True,False,False,True,False,False,True,False
0,14,65.61,918.54,0,4.374,0,0,918.54,False,False,False,False,True,False,False,False,False,True,False,True,False,True,False,True,False,True,False,True,True,False,False,False,True,False
1,12,28.32,339.84,0,2.1784615384615384,0,0,339.84000000000003,False,False,True,True,True,False,False,True,False,False,False,False,False,True,False,True,False,True,True,False,True,False,True,False,False,False
1,29,50.11,1453.19,0,1.6703333333333332,0,0,1453.19,False,False,False,False,False,True,False,True,False,True,True,False,True,False,False,False,True,False,True,False,True,False,True,False,False,False
0,56,115.14,6447.84,0,2.02,1,0,6447.84,True,False,False,False,True,False,True,False,False,True,True,False,False,True,False,False,True,False,True,False,True,False,True,False,False,True
1,8,29.17,233.36,0,3.2411111111111115,0,1,233.36,True,True,True,False,True,False,True,False,False,True,True,False,False,True,False,True,True,False,False,True,True,False,False,False,True,False
0,39,89.55,3492.45,0,2.23875,1,0,3492.45,True,True,False,False,True,False,False,True,True,False,False,True,True,False,False,False,True,False,False,False,True,False,False,False,False,False
0,33,82.82,2733.06,0,2.435882352941176,1,0,2733.06,True,False,True,False,False,True,False,True,False,True,False,True,True,False,True,False,False,True,False,False,False,True,False,False,False,True
1,19,86.8,1649.2,0,4.34,1,0,1649.2,True,False,False,False,False,True,False,False,False,False,False,False,False,True,False,True,False,False,False,True,True,False,False,True,False,False
1,13,100.63,1308.19,0,7.187857142857142,1,0,1308.19,True,False,False,True,False,True,True,False,True,False,True,False,False,True,True,False,False,False,False,True,False,True,False,False,False,False
1,55,43.26,2379.3,0,0.7725,0,0,2379.2999999999997,True,True,False,False,True,False,False,False,True,False,False,True,False,False,False,True,True,False,False,False,True,False,True,False,False,False
0,42,44.21,1856.82,0,1.028139534883721,0,0,1856.82,True,True,True,False,False,False,False,False,True,False,False,True,False,False,False,True,False,True,False,False,True,False,True,False,True,False
1,4,55.18,220.72,1,11.036,0,1,220.72,True,False,True,False,False,False,False,False,False,True,False,False,False,True,True,False,True,False,False,True,False,False,False,False,False,False
0,57,74.59,4251.63,0,1.2860344827586208,0,0,4251.63,False,True,True,False,False,False,True,False,False,False,False,True,True,False,True,False,False,False,False,False,False,False,True,False,False,True
0,61,34.12,2081.32,0,0.5503225806451613,0,0,2081.3199999999997,False,False,False,True,False,True,False,False,False,False,False,False,True,False,False,False,False,True,False,False,False,False,True,True,False,False
0,48,42.31,2030.88,0,0.8634693877551021,0,0,2030.88,True,False,False,False,False,True,False,True,True,False,True,False,False,True,True,False,False,False,False,True,True,False,False,False,False,True
0,19,72.05,1368.95,0,3.6025,0,0,1368.95,False,False,False,True,False,False,False,False,False,True,False,False,False,True,False,False,False,False,False,False,True,False,False,False,False,True
0,16,78.67,1258.72,0,4.62764705882353,0,0,1258.72,False,True,False,False,False,False,True,False,True,False,True,False,False,True,False,True,True,False,False,False,True,False,True,False,False,False
0,46,51.6,2373.6,0,1.097872340425532,0,0,2373.6,True,True,True,True,True,False,False,False,True,False,False,True,False,True,True,False,True,False,True,False,True,False,True,False,False,True
1,48,38.92,1868.16,1,0.7942857142857144,0,0,1868.16,True,False,False,True,True,False,True,False,False,False,True,False,False,False,False,False,False,True,True,False,False,False,False,False,True,False
1,27,52.22,1409.94,0,1.865,0,0,1409.94,False,True,False,True,False,True,False,True,False,False,False,False,True,False,True,False,True,False,False,False,False,True,True,False,False,False
1,15,94.33,1414.95,1,5.895625,1,0,1414.95,True,True,False,False,False,True,False,True,True,False,False,True,False,False,False,True,False,False,False,True,False,False,True,False,False,True
0,41,55.44,2273.04,1,1.3199999999999998,0,0,2273.04,False,True,False,False,False,False,True,False,False,True,False,False,False,True,False,False,True,False,False,False,False,False,False,False,True,False
0,72,108.55,7815.6,0,1.486986301369863,1,0,7815.599999999999,False,False,False,True,False,False,False,False,True,False,False,True,False,True,False,False,False,False,False,True,False,True,True,False,True,False
1,50,91.31,4565.5,0,1.7903921568627452,1,0,4565.5,True,True,True,False,False,True,False,True,True,False,True,False,False,True,True,False,False,True,False,False,False,True,True,False,True,False
0,65,118.08,7675.2,1,1.789090909090909,1,0,7675.2,False,False,True,True,False,False,False,False,False,False,False,True,False,False,False,False,True,False,True,False,False,False,False,False,True,False
0,16,50.35,805.6,0,2.961764705882353,0,0,805.6,False,False,True,False,False,True,True,False,False,False,False,True,True,False,False,True,False,False,False,False,False,True,False,True,False,False
0,44,70.31,3093.64,0,1.5624444444444445,0,0,3093.6400000000003,True,False,False,True,False,False,True,False,True,False,True,False,False,False,True,False,False,False,True,False,True,False,False,True,False,False
1,23,60.98,1402.54,0,2.540833333333333,0,0,1402.54,True,False,True,True,True,False,False,False,False,False,True,False,False,False,True,False,False,True,True,False,False,False,False,True,False,False
1,63,72.3,4554.9,0,1.1296875,0,0,4554.9,False,True,True,False,True,False,False,False,False,True,False,False,True,False,False,False,True,False,False,True,True,False,False,False,False,True
1,14,87.0,1218.0,0,5.8,1,0,1218.0,False,True,True,True,False,False,False,True,True,False,False,True,False,True,True,False,False,True,False,False,False,True,True,False,True,False
0,2,113.62,227.24,1,37.873333333333335,1,1,227.24,False,False,False,True,False,False,True,False,False,False,False,False,True,False,False,False,False,False,True,False,False,True,False,False,False,True
1,55,90.66,4986.3,1,1.6189285714285713,1,0,4986.3,True,False,True,False,True,False,True,False,True,False,True,False,False,False,False,False,False,True,False,False,False,False,False,False,False,False
1,52,105.87,5505.24,0,1.9975471698113207,1,0,5505.24,True,True,True,False,True,False,False,True,False,False,False,False,False,True,True,False,False,True,False,True,True,False,True,False,False,False
1,63,80.02,5041.26,0,1.2503125,1,0,5041.259999999999,True,False,True,True,True,False,True,False,False,False,True,False,True,False,True,False,True,False,False,True,False,True,False,False,True,False
0,36,100.86,3630.96,0,2.725945945945946,1,0,3630.96,False,False,True,True,True,False,False,True,False,True,True,False,False,True,False,False,False,False,False,False,False,True,False,False,False,False
1,67,52.02,3485.34,0,0.765,0,0,3485.34,False,True,False,True,False,False,False,True,False,True,False,True,True,False,False,False,False,True,False,False,True,False,False,False,False,False
0,9,21.04,189.36,0,2.104,0,1,189.35999999999999,False,True,True,True,False,False,True,False,False,True,False,False,True,False,True,False,False,True,True,False,True,False,False,False,False,False
0,15,38.21,573.15,0,2.388125,0,0,573.15,False,True,False,True,False,True,False,True,False,True,True,False,False,True,True,False,False,True,False,True,False,False,True,False,True,False
1,54,62.96,3399.84,0,1.1447272727272728,0,0,3399.84,True,True,False,False,True,False,False,False,False,False,True,False,False,False,True,False,False,False,True,False,False,False,False,False,True,False
1,63,79.51,5009.13,0,1.24234375,0,0,5009.13,False,False,False,True,False,False,False,False,False,True,False,True,False,False,True,False,True,False,False,False,False,True,True,True,False,False
1,18,38.81,698.58,0,2.0426315789473684,0,0,698.58,True,False,True,False,False,True,False,True,False,False,False,False,True,False,True,False,True,False,False,True,False,True,False,False,True,False
0,2,111.65,223.3,1,37.21666666666667,1,1,223.3,True,False,True,True,True,False,False,True,False,True,False,True,True,False,False,True,False,False,True,False,True,False,False,False,True,False
0,32,25.45,814.4,1,0.7712121212121212,0,0,814.4,False,True,True,False,False,False,True,False,False,True,False,True,True,False,False,False,True,False,False,False,False,False,False,False,False,False
0,4,55.34,221.36,0,11.068000000000001,0,1,221.36,True,False,True,False,True,False,True,False,False,True,True,False,True,False,False,False,True,False,False,True,False,True,True,False,False,True
1,40,37.24,1489.6,0,0.9082926829268293,0,0,1489.6000000000001,False,True,False,False,False,False,False,True,False,False,False,True,False,True,True,False,False,True,False,True,True,False,True,False,False,False
0,1,82.55,82.55,0,41.275,1,1,82.55,False,True,False,False,False,True,False,False,True,False,False,False,False,True,False,True,False,False,True,False,True,False,True,False,False,True
1,68,48.71,3312.28,0,0.7059420289855073,0,0,3312.28,True,False,False,False,True,False,True,False,True,False,False,False,False,True,False,True,True,False,False,True,True,False,True,False,True,False
0,25,83.54,2088.5,0,3.2130769230769234,1,0,2088.5,False,False,False,True,False,True,False,False,False,False,False,True,False,True,False,True,False,True,True,False,True,False,False,False,False,True
0,67,26.98,1807.66,0,0.39676470588235296,0,0,1807.66,False,False,False,True,False,False,False,True,False,False,True,False,False,False,True,False,False,False,False,False,False,False,True,False,False,False
0,65,85.65,5567.25,1,1.2977272727272728,1,0,5567.25,True,True,False,False,True,False,False,False,False,True,True,False,True,False,False,True,False,True,True,False,False,False,True,True,False,False
1,47,105.99,4981.53,1,2.208125,1,0,4981.53,False,False,True,False,False,True,True,False,False,True,False,True,False,True,True,False,True,False,False,True,False,False,False,False,True,False
0,57,45.88,2615.16,0,0.7910344827586208,0,0,2615.1600000000003,False,True,False,False,True,False,True,False,False,True,False,True,False,False,False,True,False,False,False,False,False,True,True,False,True,False
0,11,58.96,648.56,1,4.913333333333333,0,1,648.5600000000001,False,False,True,True,True,False,False,False,False,False,False,False,False,False,True,False,True,False,True,False,False,False,False,False,False,True
1,28,51.04,1429.12,0,1.76,0,0,1429.12,False,False,True,False,True,False,False,True,False,False,False,False,True,False,False,False,False,False,True,False,True,False,True,False,False,True
1,69,43.93,3031.17,0,0.6275714285714286,0,0,3031.17,False,False,True,True,False,False,False,True,True,False,True,False,True,False,False,True,False,False,False,False,False,False,True,False,False,True
1,16,36.71,587.36,0,2.1594117647058826,0,0,587.36,True,True,False,False,False,True,False,True,False,False,False,True,False,False,False,False,False,False,True,False,False,True,False,False,True,False
1,39,109.7,4278.3,0,2.7425,1,0,4278.3,False,True,False,True,False,False,False,False,True,False,False,True,False,False,False,False,False,True,False,False,True,False,False,False,False,True
1,23,59.31,1364.13,0,2.47125,0,0,1364.13,False,True,False,True,False,False,False,False,True,False,False,True,False,False,True,False,False,True,False,False,False,False,True,True,False,False
0,23,48.59,1117.57,0,2.0245833333333336,0,0,1117.5700000000002,True,False,True,True,False,True,False,False,False,False,True,False,True,False,False,True,False,False,False,True,False,True,True,False,False,False
0,1,28.84,28.84,0,14.42,0,1,28.84,True,False,True,True,False,False,True,False,False,True,True,False,False,False,False,True,True,False,True,False,False,True,False,False,False,False
0,30,54.4,1632.0,0,1.7548387096774194,0,0,1632.0,False,True,True,False,False,False,False,True,False,True,False,True,False,True,False,False,False,True,False,False,False,True,False,False,False,False
0,20,68.35,1367.0,0,3.2547619047619043,0,0,1367.0,False,False,True,False,False,False,False,False,False,False,False,False,False,False,True,False,False,True,False,False,False,False,False,False,True,False
0,48,21.07,1011.36,0,0.43,0,0,1011.36,False,True,True,False,True,False,False,True,True,False,False,False,False,True,False,False,False,False,False,True,False,False,True,True,False,False
1,8,108.2,865.6,1,12.022222222222222,1,1,865.6,False,False,False,False,True,False,True,False,False,False,True,False,False,True,False,False,False,True,False,False,False,False,False,True,False,False
0,17,50.0,850.0,0,2.7777777777777777,0,0,850.0,False,False,False,False,False,True,True,False,False,False,False,False,False,False,True,False,False,False,True,False,False,False,True,True,False,False
0,71,94.26,6692.46,1,1.3091666666666668,1,0,6692.46,False,True,False,True,False,False,True,False,False,False,False,False,True,False,False,False,False,False,False,False,False,False,False,False,True,False
1,59,33.57,1980.63,0,0.5595,0,0,1980.63,False,True,True,True,False,True,False,False,False,False,True,False,True,False,True,False,False,False,False,False,False,True,True,False,False,True
0,17,63.39,1077.63,0,3.5216666666666665,0,0,1077.63,False,False,True,False,False,True,False,False,False,True,True,False,False,True,False,False,False,False,True,False,False,False,True,True,False,False
0,35,31.97,1118.95,0,0.8880555555555555,0,0,1118.95,True,True,True,True,False,False,False,True,True,False,False,False,False,True,False,True,True,False,False,True,False,True,True,True,False,False
0,25,58.09,1452.25,0,2.2342307692307695,0,0,1452.25,False,False,False,True,False,True,False,False,True,False,False,False,False,True,False,False,True,False,True,False,False,True,False,False,False,False
1,39,39.49,1540.11,0,0.9872500000000001,0,0,1540.1100000000001,False,True,True,False,True,False,False,True,True,False,True,False,False,True,False,True,False,False,False,True,False,False,True,False,True,False
0,22,35.25,775.5,0,1.5326086956521738,0,0,775.5,True,False,False,False,True,False,False,False,False,False,False,False,True,False,True,False,True,False,False,True,True,False,False,True,False,False
1,27,90.39,2440.53,1,3.228214285714286,1,0,2440.53,False,False,True,True,False,False,False,False,False,False,False,False,True,False,True,False,True,False,False,False,False,False,True,False,True,False
1,26,25.49,662.74,0,0.9440740740740741,0,0,662.74,False,False,False,False,True,False,False,False,False,True,False,True,True,False,False,False,True,False,False,True,True,False,True,False,False,False
0,72,52.19,3757.68,0,0.7149315068493151,0,0,3757.68,False,True,True,False,False,True,False,True,True,False,False,False,False,False,True,False,False,True,False,False,False,True,True,True,False,False
1,14,117.56,1645.84,0,7.8373333333333335,1,0,1645.8400000000001,False,False,False,True,True,False,False,True,False,False,False,False,True,False,True,False,True,False,False,False,True,False,False,False,False,True
0,27,25.61,691.47,0,0.9146428571428571,0,0,691.47,True,True,True,False,True,False,False,False,False,True,False,False,False,False,False,True,False,True,True,False,False,False,True,False,False,True
0,55,59.89,3293.95,0,1.0694642857142858,0,0,3293.95,True,True,False,True,False,False,False,False,False,True,False,True,False,True,True,False,False,True,False,False,True,False,True,False,False,True
0,22,44.16,971.52,0,1.92,0,0,971.52,True,False,False,False,True,False,True,False,False,True,True,False,False,True,False,True,True,False,False,True,False,False,False,False,False,False
1,9,50.48,454.32,0,5.048,0,1,454.32,True,True,True,True,True,False,False,True,True,False,True,False,True,False,False,False,True,False,False,False,False,True,True,False,False,False
0,65,33.46,2174.9,0,0.506969696969697,0,0,2174.9,True,False,True,False,False,True,False,True,False,True,False,False,True,False,False,True,False,False,True,False,False,True,True,False,True,False
0,17,88.98,1512.66,1,4.943333333333333,1,0,1512.66,False,False,True,False,False,True,False,False,False,True,True,False,False,False,False,True,True,False,True,False,False,False,True,True,False,False
1,19,32.91,625.29,0,1.6454999999999997,0,0,625.29,False,False,False,True,False,False,True,False,True,False,False,False,True,False,False,True,False,False,True,False,False,True,True,False,False,True
0,70,62.05,4343.5,0,0.8739436619718309,0,0,4343.5,True,True,False,False,False,False,False,True,False,True,False,True,False,False,True,False,True,False,False,False,False,True,True,False,False,False
0,10,23.31,233.1,1,2.119090909090909,0,1,233.1,False,False,False,True,True,False,False,True,True,False,True,False,False,False,True,False,False,False,False,True,False,False,True,False,True,False
1,54,64.23,3468.42,0,1.1678181818181819,0,0,3468.42,True,False,False,True,False,False,False,False,False,True,False,False,True,False,False,True,False,True,True,False,False,False,True,False,True,False
1,54,47.9,2586.6,0,0.8709090909090909,0,0,2586.6,True,True,False,False,False,False,False,True,True,False,False,True,False,True,False,True,False,True,False,True,True,False,True,False,False,False
1,67,89.87,6021.29,1,1.3216176470588237,1,0,6021.29,True,False,True,True,True,False,True,False,True,False,True,False,False,True,False,False,True,False,False,True,False,False,False,False,False,False
1,15,116.53,1747.95,0,7.283125,1,0,1747.95,True,False,True,False,False,False,False,False,False,True,True,False,True,False,False,True,False,True,False,False,False,True,False,True,False,False
0,53,36.73,1946.69,0,0.6801851851851851,0,0,1946.6899999999998,False,True,True,False,False,True,True,False,True,False,True,False,True,False,False,False,False,True,False,True,True,False,True,False,False,False
1,42,83.34,3500.28,0,1.938139534883721,1,0,3500.28,False,False,True,False,False,False,False,True,False,True,False,False,False,False,False,True,True,False,False,False,False,True,False,False,False,False
0,42,75.09,3153.78,0,1.746279069767442,0,0,3153.78,True,False,True,True,False,True,False,True,True,False,False,True,True,False,False,True,True,False,False,False,True,False,False,False,False,False
0,49,49.22,2411.78,0,0.9843999999999999,0,0,2411.7799999999997,True,False,False,True,False,True,True,False,False,True,False,False,False,False,False,True,False,False,True,False,True,False,False,False,False,True
1,32,64.12,2051.84,0,1.943030303030303,0,0,2051.84,False,True,True,False,False,True,True,False,False,False,False,False,False,True,True,False,False,False,False,True,True,False,False,True,False,False
1,70,112.15,7850.5,0,1.5795774647887324,1,0,7850.5,False,True,False,True,True,False,False,False,False,True,True,False,False,True,False,False,False,False,True,False,True,False,False,False,False,True
1,25,96.76,2419.0,0,3.721538461538462,1,0,2419.0,True,False,False,True,False,False,False,False,False,False,False,True,True,False,True,False,True,False,True,False,False,True,True,True,False,False
0,40,119.73,4789.2,1,2.9202439024390245,1,0,4789.2,True,True,True,False,True,False,False,True,False,True,True,False,False,False,False,True,True,False,False,True,False,False,False,False,False,False
0,26,85.17,2214.42,0,3.1544444444444446,1,0,2214.42,True,False,True,False,False,False,True,False,True,False,True,False,False,True,True,False,True,False,False,False,False,True,True,False,False,True
1,65,49.43,3212.95,0,0.7489393939393939,0,0,3212.95,True,False,False,True,True,False,True,False,False,True,False,False,False,False,False,True,False,True,False,True,True,False,False,False,True,False
1,18,83.57,1504.26,0,4.398421052631579,1,0,1504.2599999999998,False,True,False,True,True,False,False,True,False,False,False,True,True,False,False,False,False,True,False,False,True,False,True,True,False,False
1,41,58.53,2399.73,1,1.3935714285714287,0,0,2399.73,False,False,True,True,True,False,True,False,False,False,False,False,True,False,False,False,False,True,True,False,False,False,True,False,True,False
1,40,47.29,1891.6,0,1.1534146341463414,0,0,1891.6,True,False,True,False,False,True,True,False,True,False,False,True,False,True,False,False,False,False,False,True,True,False,True,False,False,False
0,49,44.32,2171.68,0,0.8864,0,0,2171.68,True,False,True,False,False,True,True,False,True,False,True,False,False,False,False,True,False,False,True,False,False,False,True,False,False,False
0,66,57.51,3795.66,0,0.8583582089552239,0,0,3795.66,True,False,True,True,False,False,False,True,False,True,False,False,False,True,True,False,True,False,False,True,False,False,True,False,False,False
0,38,68.91,2618.58,0,1.7669230769230768,0,0,2618.58,True,True,True,True,True,False,False,True,False,False,False,True,False,False,False,False,False,False,True,False,False,True,False,True,False,False
1,24,31.4,753.6,0,1.256,0,0,753.5999999999999,True,False,True,False,False,False,True,False,True,False,False,False,False,True,True,False,False,False,False,True,False,True,False,False,False,True
1,65,76.61,4979.65,0,1.1607575757575757,0,0,4979.65,False,True,False,True,False,False,True,False,True,False,False,False,False,True,False,True,True,False,False,False,True,False,True,True,False,False
0,48,100.46,4822.08,0,2.050204081632653,1,0,4822.08,True,False,False,False,False,True,False,False,False,True,False,True,False,True,False,False,True,False,False,False,True,False,False,True,False,False
0,34,60.37,2052.58,0,1.7248571428571429,0,0,2052.58,False,True,True,True,False,False,True,False,False,False,True,False,False,True,False,False,False,False,True,False,True,False,True,True,False,False
0,7,86.61,606.27,1,10.82625,1,1,606.27,False,True,True,True,False,False,False,True,True,False,False,False,False,False,True,False,True,False,False,True,False,False,True,True,False,False
0,49,47.48,2326.52,0,0.9495999999999999,0,0,2326.52,True,True,True,False,False,True,False,False,True,False,False,False,False,False,False,True,True,False,False,False,False,False,False,False,True,False
1,10,33.86,338.6,0,3.078181818181818,0,1,338.6,False,True,True,False,False,True,False,False,False,False,False,False,True,False,False,True,False,True,True,False,True,False,False,False,False,True
1,64,40.51,2592.64,0,0.6232307692307693,0,0,2592.64,False,True,True,True,False,False,False,False,False,True,False,True,False,False,False,True,False,True,True,False,False,True,False,False,True,False
1,32,44.39,1420.48,0,1.3451515151515152,0,0,1420.48,True,True,False,True,False,True,True,False,False,False,True,False,False,True,True,False,False,True,False,True,False,False,False,False,False,True
0,57,38.76,2209.32,0,0.6682758620689655,0,0,2209.3199999999997,True,True,False,False,False,True,False,True,True,False,True,False,True,False,False,True,False,True,False,False,False,True,True,True,False,False
1,47,117.54,5524.38,1,2.44875,1,0,5524.38,True,False,False,False,False,False,False,False,False,False,False,True,True,False,False,True,True,False,False,False,False,False,True,False,False,False
0,4,104.49,417.96,1,20.898,1,1,417.96,False,False,True,True,True,False,True,False,False,True,False,True,True,False,False,False,False,False,False,False,False,False,True,False,False,False
1,21,41.24,866.04,0,1.8745454545454547,0,0,866.0400000000001,True,False,True,True,False,True,False,False,False,False,True,False,True,False,False,True,False,False,False,False,False,True,False,False,False,False
1,72,85.62,6164.64,0,1.1728767123287671,1,0,6164.64,True,False,True,True,True,False,True,False,True,False,False,False,False,True,False,False,False,False,False,False,True,False,True,False,False,True
1,48,28.23,1355.04,0,0.5761224489795919,0,0,1355.04,False,True,False,False,False,True,False,True,True,False,False,False,False,False,True,False,False,False,True,False,False,False,True,False,False,True
0,27,26.59,717.93,0,0.9496428571428571,0,0,717.93,False,True,False,True,False,True,False,False,False,False,False,False,False,False,False,True,False,False,False,True,True,False,False,False,False,False
1,67,73.81,4945.27,0,1.0854411764705882,0,0,4945.27,True,True,False,False,False,True,False,True,False,False,False,True,False,True,False,True,True,False,False,True,False,False,True,True,False,False
0,6,22.89,137.34,0,3.27,0,1,137.34,True,True,True,True,False,False,False,False,False,True,True,False,False,False,True,False,True,False,True,False,False,True,False,True,False,False
0,45,58.48,2631.6,0,1.2713043478260868,0,0,2631.6,False,False,False,False,False,False,False,False,False,False,True,False,True,False,False,False,False,False,False,False,True,False,False,False,False,True
0,71,67.46,4789.66,0,0.9369444444444444,0,0,4789.66,False,True,False,False,False,False,False,True,False,True,False,True,False,True,False,True,True,False,False,True,False,True,False,False,False,False
1,6,87.5,525.0,1,12.5,1,1,525.0,False,False,True,True,False,False,False,False,False,True,False,False,False,True,False,False,False,False,True,False,True,False,True,False,True,False
1,62,57.5,3565.0,0,0.9126984126984127,0,0,3565.0,False,True,False,True,False,True,False,False,False,True,True,False,False,False,True,False,False,True,False,False,False,True,False,False,False,False
1,1,43.03,43.03,0,21.515,0,1,43.03,True,True,False,True,False,True,True,False,False,False,False,True,False,False,False,False,False,False,False,False,True,False,False,False,False,False
1,39,101.36,3953.04,1,2.534,1,0,3953.04,False,True,True,True,True,False,False,True,False,True,True,False,False,False,True,False,False,True,False,False,False,False,False,False,True,False
1,70,50.88,3561.6,0,0.7166197183098592,0,0,3561.6000000000004,True,False,False,False,True,False,False,True,False,False,False,True,False,False,False,True,True,False,False,False,True,False,False,False,True,False
1,46,115.64,5319.44,0,2.4604255319148938,1,0,5319.44,False,True,True,True,True,False,False,False,False,False,False,True,False,True,True,False,False,True,False,False,True,False,True,False,True,False
0,56,63.79,3572.24,0,1.1191228070175439,0,0,3572.24,True,True,True,False,False,False,False,True,False,True,False,False,False,False,True,False,False,True,True,False,True,False,False,False,True,False
0,48,96.71,4642.08,0,1.973673469387755,1,0,4642.08,False,False,False,True,False,False,False,False,False,True,False,True,False,False,True,False,False,True,True,False,False,True,True,False,False,False
0,7,62.28,435.96,0,7.785,0,1,435.96000000000004,True,True,True,False,True,False,True,False,False,False,False,False,False,True,True,False,False,True,True,False,False,True,False,False,False,False
1,4,47.71,190.84,1,9.542,0,1,190.84,False,False,True,False,False,True,False,True,True,False,False,True,False,True,True,False,False,True,False,False,False,False,True,False,False,True
0,48,76.56,3674.88,0,1.5624489795918368,0,0,3674.88,True,False,False,True,False,True,False,False,False,False,True,False,False,False,True,False,False,True,False,True,False,True,False,True,False,False
1,27,31.48,849.96,0,1.1242857142857143,0,0,849.96,True,False,True,False,True,False,True,False,True,False,False,True,False,False,True,False,True,False,False,False,False,True,False,False,True,False
0,44,36.72,1615.68,0,0.816,0,0,1615.6799999999998,True,True,False,False,True,False,False,False,True,False,False,False,False,False,False,False,False,True,False,False,False,True,False,True,False,False
1,45,33.09,1489.05,1,0.7193478260869566,0,0,1489.0500000000002,True,True,True,False,False,True,True,False,False,True,False,False,True,False,True,False,False,False,False,True,False,False,False,False,True,False
1,55,55.83,3070.65,0,0.9969642857142856,0,0,3070.65,True,False,False,True,False,False,True,False,True,False,False,False,False,True,True,False,True,False,True,False,True,False,True,False,False,True
1,2,55.37,110.74,1,18.456666666666667,0,1,110.74,True,True,True,False,True,False,False,True,True,False,False,False,False,False,False,False,False,True,False,True,False,False,False,False,True,False
0,56,46.59,2609.04,0,0.8173684210526316,0,0,2609.04,True,False,True,False,True,False,False,False,True,False,True,False,False,False,False,True,True,False,True,False,True,False,False,False,False,True
0,64,29.45,1884.8,0,0.45307692307692304,0,0,1884.8,False,True,False,True,False,True,True,False,False,True,True,False,False,False,False,True,False,True,False,False,False,False,True,False,False,True
0,32,115.51,3696.32,0,3.5003030303030305,1,0,3696.32,False,False,False,False,False,True,False,True,False,True,False,False,True,False,False,False,False,False,False,False,False,True,True,False,False,False
1,24,31.18,748.32,0,1.2472,0,0,748.3199999999999,True,False,False,True,True,False,True,False,True,False,True,False,True,False,False,False,True,False,False,True,True,False,False,False,False,True
1,23,54.64,1256.72,0,2.276666666666667,0,0,1256.72,False,True,True,True,False,True,False,False,False,True,False,False,False,False,False,True,False,True,False,True,False,False,False,False,True,False
1,57,86.63,4937.91,0,1.4936206896551723,1,0,4937.91,True,False,True,False,False,False,False,True,False,False,False,False,True,False,False,True,False,True,False,True,False,True,True,False,True,False
1,56,93.88,5257.28,0,1.647017543859649,1,0,5257.28,True,False,True,True,False,True,False,True,False,True,True,False,True,False,False,True,False,True,False,False,False,True,True,False,False,False
0,30,90.88,2726.4,1,2.9316129032258065,1,0,2726.3999999999996,False,False,False,False,True,False,True,False,True,False,True,False,False,True,False,False,False,False,False,False,True,False,True,False,True,False
1,23,90.21,2074.83,0,3.7587499999999996,1,0,2074.83,True,False,False,False,True,False,True,False,False,False,False,True,False,True,False,True,False,False,False,True,False,True,True,False,False,False
1,21,98.04,2058.84,0,4.456363636363637,1,0,2058.84,True,False,True,True,False,True,True,False,False,False,False,False,False,False,True,False,False,True,False,True,False,True,True,False,False,True
1,3,57.82,173.46,1,14.455,0,1,173.46,False,True,True,False,False,True,False,False,False,False,True,False,False,False,False,False,False,True,True,False,False,False,True,True,False,False
0,57,89.19,5083.83,0,1.5377586206896552,1,0,5083.83,False,False,False,False,False,False,False,True,True,False,False,False,False,True,False,True,True,False,False,False,False,True,False,False,True,False
1,30,77.44,2323.2,0,2.4980645161290322,0,0,2323.2,False,False,False,True,False,True,True,False,True,False,True,False,False,True,False,False,True,False,False,True,True,False,False,False,False,False
0,13,28.88,375.44,0,2.0628571428571427,0,0,375.44,False,True,True,False,True,False,False,False,True,False,False,False,True,False,False,True,True,False,False,False,False,True,True,False,False,True
0,26,111.65,2902.9,1,4.135185185185185,1,0,2902.9,False,True,False,False,False,True,False,True,False,False,True,False,False,False,False,True,False,True,False,True,False,False,True,True,False,False
0,30,36.41,1092.3,0,1.1745161290322579,0,0,1092.3,False,False,True,False,False,False,False,False,True,False,False,True,False,False,True,False,True,False,False,True,False,True,False,False,False,False
0,47,47.42,2228.74,0,0.9879166666666667,0,0,2228.7400000000002,False,False,False,False,True,False,False,True,False,True,False,True,False,False,False,True,False,True,True,False,False,True,True,False,False,True
1,2,37.93,75.86,0,12.643333333333333,0,1,75.86,False,True,False,False,True,False,False,False,False,True,False,False,True,False,False,False,True,False,False,True,False,True,True,False,False,False
1,14,20.56,287.84,0,1.3706666666666665,0,0,287.84,True,False,False,True,True,False,False,True,False,False,False,False,False,False,False,False,False,True,False,True,False,False,True,True,False,False
1,2,104.02,208.04,0,34.67333333333333,1,1,208.04,True,True,True,False,False,False,False,False,False,False,True,False,False,True,False,True,False,True,True,False,False,True,False,False,False,False
0,18,91.78,1652.04,0,4.830526315789474,1,0,1652.04,True,True,True,True,False,False,True,False,False,False,False,True,False,True,False,False,False,False,True,False,False,True,False,True,False,False
0,55,78.52,4318.6,0,1.4021428571428571,0,0,4318.599999999999,True,False,True,True,True,False,False,True,True,False,False,False,True,False,True,False,False,False,True,False,False,False,True,False,False,True
1,51,107.94,5504.94,0,2.0757692307692306,1,0,5504.94,True,False,True,False,True,False,False,False,True,False,False,False,True,False,True,False,False,True,False,True,False,True,True,False,False,True
1,67,96.66,6476.22,1,1.421470588235294,1,0,6476.219999999999,False,True,False,True,True,False,False,True,True,False,False,False,False,True,True,False,True,False,False,True,False,False,False,False,True,False
1,46,37.89,1742.94,0,0.8061702127659575,0,0,1742.94,True,False,False,True,False,False,False,False,True,False,True,False,False,False,True,False,True,False,False,True,False,False,True,False,False,False
1,35,70.97,2483.95,0,1.9713888888888889,0,0,2483.95,False,True,True,True,True,False,False,False,True,False,True,False,False,True,True,False,False,False,False,True,False,False,True,False,False,True
0,56,102.3,5728.8,1,1.7947368421052632,1,0,5728.8,True,True,False,True,True,False,True,False,False,False,True,False,False,True,False,True,True,False,True,False,False,False,True,False,True,False
1,50,50.57,2528.5,0,0.9915686274509804,0,0,2528.5,False,True,False,False,False,True,False,False,False,False,True,False,False,False,False,False,False,True,False,True,False,False,True,False,False,True
0,36,36.27,1305.72,0,0.9802702702702704,0,0,1305.72,False,True,True,False,False,False,False,False,False,False,False,False,False,False,False,True,False,False,True,False,False,True,True,False,True,False
0,66,42.65,2814.9,0,0.6365671641791044,0,0,2814.9,False,True,False,True,False,False,False,False,False,True,False,True,False,True,False,True,False,False,False,True,False,False,True,False,False,False
1,59,43.18,2547.62,0,0.7196666666666667,0,0,2547.62,False,False,False,False,False,True,False,False,False,False,True,False,True,False,False,True,True,False,False,True,False,False,False,False,False,False
1,1,54.63,54.63,1,27.315,0,1,54.63,False,True,False,True,False,True,False,True,True,False,False,False,False,False,False,False,True,False,False,True,False,False,False,False,True,False
1,16,94.99,1519.84,1,5.587647058823529,1,0,1519.84,False,False,False,False,True,False,False,False,False,True,False,True,True,False,False,False,True,False,False,True,False,False,True,False,True,False
1,9,55.35,498.15,0,5.535,0,1,498.15000000000003,True,True,False,True,False,False,False,True,True,False,False,True,True,False,False,True,False,False,False,True,True,False,True,False,True,False
1,58,74.87,4342.46,0,1.2689830508474578,0,0,4342.46,True,True,True,True,True,False,False,False,False,False,True,False,False,False,False,True,False,True,False,False,False,True,False,False,False,False
0,5,117.83,589.15,1,19.638333333333332,1,1,589.15,True,False,True,False,False,True,True,False,True,False,True,False,False,True,False,True,True,False,False,False,True,False,False,True,False,False
1,11,41.38,455.18,0,3.4483333333333337,0,1,455.18,True,False,False,True,False,False,False,False,True,False,False,True,False,True,True,False,False,True,True,False,False,True,False,False,True,False
1,53,44.5,2358.5,0,0.8240740740740741,0,0,2358.5,True,False,False,True,False,True,False,True,False,True,True,False,False,False,False,True,True,False,False,False,True,False,False,False,True,False
1,68,65.46,4451.28,0,0.9486956521739129,0,0,4451.28,False,False,False,False,True,False,False,False,False,True,False,False,False,False,True,False,False,False,False,False,False,True,True,False,False,True
1,13,108.36,1408.68,0,7.74,1,0,1408.68,False,True,True,True,False,True,False,False,True,False,False,True,True,False,False,False,False,False,False,False,False,True,True,True,False,False
1,58,106.23,6161.34,1,1.8005084745762712,1,0,6161.34,True,False,True,False,False,False,False,False,False,False,False,False,False,True,False,False,False,False,False,True,False,False,False,False,True,False
1,19,33.03,627.57,1,1.6515,0,0,627.57,True,False,True,True,False,False,True,False,False,True,False,True,True,False,False,False,False,False,True,False,False,False,False,False,True,False
0,71,36.88,2618.48,0,0.5122222222222222,0,0,2618.48,True,True,False,True,True,False,False,False,False,False,False,False,True,False,False,False,True,False,True,False,False,True,True,False,False,False
0,67,73.26,4908.42,1,1.0773529411764706,0,0,4908.42,True,False,False,True,False,True,True,False,False,True,False,True,False,False,False,False,False,True,True,False,False,False,True,False,True,False
1,11,115.1,1266.1,1,9.591666666666667,1,1,1266.1,True,True,True,False,False,True,False,False,True,False,True,False,True,False,False,False,False,True,False,False,False,True,False,True,False,False
0,13,76.94,1000.22,0,5.4957142857142856,0,0,1000.22,False,False,True,False,False,False,False,False,True,False,True,False,True,False,False,False,False,False,False,False,True,False,False,False,False,False
1,51,109.86,5602.86,1,2.1126923076923076,1,0,5602.86,False,True,False,True,False,True,False,True,False,True,True,False,True,False,True,False,False,True,False,True,False,False,False,False,False,True
0,63,85.0,5355.0,0,1.328125,1,0,5355.0,True,False,False,True,True,False,False,True,False,False,False,False,True,False,False,True,True,False,False,True,False,True,False,False,False,False
0,22,107.88,2373.36,1,4.690434782608696,1,0,2373.3599999999997,False,False,True,False,False,False,False,False,False,False,False,False,False,False,False,False,True,False,False,True,False,False,True,False,True,False
1,61,117.21,7149.81,1,1.8904838709677418,1,0,7149.8099999999995,False,True,True,True,True,False,False,False,False,False,True,False,True,False,True,False,True,False,False,True,False,False,False,False,False,False
0,7,39.31,275.17,0,4.91375,0,1,275.17,False,True,False,False,True,False,False,True,False,False,True,False,True,False,False,False,True,False,False,False,False,True,False,True,False,False
1,33,35.85,1183.05,0,1.0544117647058824,0,0,1183.05,True,False,True,True,False,False,False,True,False,True,True,False,True,False,True,False,False,True,False,True,False,True,False,False,False,False
0,39,46.28,1804.92,0,1.157,0,0,1804.92,True,True,True,False,True,False,False,False,False,False,False,False,True,False,False,False,False,False,False,True,False,True,True,False,True,False
1,22,27.79,611.38,0,1.2082608695652173,0,0,611.38,True,True,True,True,False,True,False,True,False,True,False,True,False,True,False,True,False,True,False,True,True,False,False,False,False,False
0,32,39.67,1269.44,0,1.2021212121212121,0,0,1269.44,False,True,False,True,False,False,False,True,False,False,False,True,False,False,False,False,False,True,False,True,False,True,False,True,False,False
0,70,107.46,7522.2,1,1.5135211267605633,1,0,7522.2,True,False,True,True,False,True,False,True,True,False,False,False,False,True,True,False,True,False,True,False,False,False,True,False,False,False
0,39,45.94,1791.66,0,1.1484999999999999,0,0,1791.6599999999999,True,False,False,False,True,False,False,False,False,True,False,False,False,True,False,False,False,False,False,False,False,False,False,True,False,False
1,18,21.64,389.52,1,1.1389473684210527,0,0,389.52,True,False,True,False,False,True,True,False,False,False,False,True,True,False,True,False,False,True,True,False,False,False,True,False,True,False
1,68,25.17,1711.56,0,0.3647826086956522,0,0,1711.5600000000002,True,True,True,False,True,False,True,False,True,False,False,False,False,True,False,True,False,False,True,False,True,False,False,False,False,True
0,21,69.88,1467.48,0,3.1763636363636363,0,0,1467.48,False,True,False,False,False,False,False,False,True,False,False,True,False,False,False,False,False,True,False,True,False,False,True,False,False,True
0,15,37.02,555.3,0,2.31375,0,0,555.3000000000001,True,False,False,True,False,True,False,False,False,True,False,True,False,True,False,False,True,False,True,False,False,True,False,False,True,False
1,46,43.48,2000.08,0,0.9251063829787234,0,0,2000.08,False,False,True,True,False,False,True,False,False,True,False,True,False,False,True,False,False,False,True,False,True,False,True,False,True,False
0,22,47.22,1038.84,0,2.0530434782608693,0,0,1038.84,False,False,True,False,False,True,False,True,False,False,False,False,False,True,True,False,True,False,False,False,False,True,True,False,False,False
1,1,54.42,54.42,0,27.21,0,1,54.42,True,True,True,False,True,False,False,False,False,True,False,False,False,False,False,False,True,False,True,False,False,True,False,True,False,False
0,47,75.2,3534.4,0,1.5666666666666667,0,0,3534.4,True,False,True,False,False,False,False,True,True,False,True,False,False,True,False,True,False,True,True,False,False,False,False,False,False,True
0,38,92.44,3512.72,0,2.37025641025641,1,0,3512.72,True,False,False,True,True,False,False,False,False,False,True,False,True,False,False,False,False,False,False,True,False,True,True,False,False,True
0,22,119.28,2624.16,1,5.18608695652174,1,0,2624.16,True,False,True,False,True,False,False,False,False,True,False,True,False,True,False,False,True,False,False,True,False,False,True,False,False,True
1,51,47.78,2436.78,0,0.9188461538461539,0,0,2436.78,True,True,False,False,False,False,True,False,False,True,False,True,False,False,False,True,True,False,False,True,False,True,True,False,True,False
0,72,69.96,5037.12,0,0.9583561643835615,0,0,5037.12,False,True,True,False,False,True,False,True,False,False,False,True,False,False,False,True,True,False,False,True,False,False,True,False,False,False
1,65,89.36,5808.4,0,1.353939393939394,1,0,5808.4,True,True,True,True,False,True,True,False,False,False,False,False,True,False,False,True,False,True,True,False,False,True,False,False,False,False
0,26,59.23,1539.98,0,2.1937037037037035,0,0,1539.98,True,False,True,True,True,False,False,False,False,False,False,False,True,False,True,False,False,True,True,False,True,False,False,False,True,False
0,44,115.78,5094.32,0,2.572888888888889,1,0,5094.32,True,True,True,False,False,False,False,False,False,True,True,False,True,False,False,True,False,True,True,False,True,False,True,False,True,False
1,32,88.23,2823.36,1,2.673636363636364,1,0,2823.36,False,True,False,False,False,False,False,True,True,False,False,True,True,False,True,False,False,True,False,False,False,False,False,True,False,False
1,15,35.79,536.85,0,2.236875,0,0,536.85,False,True,False,True,True,False,False,False,True,False,False,True,True,False,False,False,False,True,True,False,True,False,False,False,True,False
0,53,108.26,5737.78,0,2.004814814814815,1,0,5737.780000000001,True,True,False,True,False,False,False,True,True,False,False,False,False,True,True,False,False,False,True,False,False,True,False,True,False,False
0,44,83.47,3672.68,1,1.8548888888888888,1,0,3672.68,False,True,True,True,True,False,True,False,False,False,True,False,False,False,True,False,True,False,False,True,False,False,False,False,False,False
1,68,106.38,7233.84,0,1.5417391304347825,1,0,7233.84,False,False,False,True,True,False,False,True,False,False,False,False,False,True,False,False,False,True,True,False,True,False,True,False,False,True
0,70,93.19,6523.3,0,1.3125352112676056,1,0,6523.3,True,True,True,False,False,False,False,False,False,False,False,False,False,True,False,True,False,True,False,True,True,False,True,False,False,True
1,39,75.06,2927.34,0,1.8765,0,0,2927.34,True,True,False,True,True,False,False,False,False,True,False,True,False,False,False,False,False,False,False,True,True,False,True,True,False,False
1,35,67.3,2355.5,0,1.8694444444444445,0,0,2355.5,True,True,False,False,True,False,True,False,True,False,False,True,True,False,False,True,False,True,False,False,False,True,False,True,False,False
1,53,40.99,2172.47,0,0.7590740740740741,0,0,2172.4700000000003,False,False,False,True,False,True,True,False,False,True,False,False,False,True,False,False,True,False,True,False,True,False,True,False,False,False
1,69,22.9,1580.1,0,0.3271428571428571,0,0,1580.1,False,True,True,False,True,False,False,False,False,False,True,False,True,False,False,False,False,False,False,False,False,False,False,True,False,False
1,61,113.22,6906.42,0,1.8261290322580646,1,0,6906.42,True,False,True,True,False,False,False,True,False,True,False,False,False,True,False,False,False,True,True,False,False,True,True,True,False,False
0,34,89.45,3041.3,0,2.5557142857142856,1,0,3041.3,False,True,True,False,True,False,False,True,True,False,False,False,False,False,True,False,False,False,False,False,True,False,True,True,False,False
1,45,93.03,4186.35,0,2.0223913043478263,1,0,4186.35,False,True,True,False,False,True,True,False,True,False,True,False,False,False,False,True,False,False,False,False,True,False,False,False,False,True
0,12,53.85,646.2,0,4.142307692307693,0,0,646.2,True,True,False,True,False,True,True,False,True,False,False,False,False,False,True,False,True,False,True,False,False,True,True,False,False,False
0,30,114.17,3425.1,0,3.682903225806452,1,0,3425.1,True,False,False,False,True,False,True,False,True,False,False,False,False,True,False,True,False,False,False,False,True,False,False,False,True,False
0,33,62.4,2059.2,0,1.8352941176470587,0,0,2059.2,False,True,True,False,True,False,True,False,False,False,False,False,False,False,True,False,True,False,False,False,True,False,True,True,False,False
1,61,36.69,2238.09,0,0.591774193548387,0,0,2238.0899999999997,True,True,True,False,False,False,False,False,False,False,True,False,True,False,False,True,False,False,True,False,False,True,False,False,False,False
0,40,70.98,2839.2,0,1.7312195121951222,0,0,2839.2000000000003,True,False,True,False,False,True,True,False,False,False,False,True,True,False,True,False,False,True,True,False,True,False,False,False,True,False
0,64,91.69,5868.16,0,1.4106153846153846,1,0,5868.16,False,True,True,True,False,False,True,False,False,False,False,False,False,False,False,False,False,False,False,True,False,True,True,False,False,False
0,68,30.74,2090.32,0,0.44550724637681155,0,0,2090.3199999999997,False,False,False,False,False,True,True,False,True,False,False,True,False,True,True,False,False,True,True,False,False,True,True,False,True,False
1,42,94.43,3966.06,0,2.196046511627907,1,0,3966.0600000000004,True,True,False,True,False,True,True,False,True,False,True,False,True,False,False,True,True,False,False,True,True,False,False,True,False,False
0,25,84.1,2102.5,0,3.2346153846153842,1,0,2102.5,True,True,False,True,False,False,False,True,False,True,True,False,False,True,False,False,True,False,False,False,True,False,False,False,False,False
1,61,70.83,4320.63,0,1.1424193548387096,0,0,4320.63,True,True,True,True,False,True,True,False,False,False,False,False,True,False,False,True,False,False,True,False,False,False,False,False,False,False
1,63,93.41,5884.83,0,1.45953125,1,0,5884.83,True,True,True,False,True,False,True,False,True,False,True,False,True,False,False,True,False,True,False,True,True,False,True,True,False,False
0,21,61.55,1292.55,0,2.7977272727272724,0,0,1292.55,True,True,False,True,True,False,False,False,False,False,True,False,True,False,True,False,True,False,False,False,True,False,True,False,False,False
1,22,49.41,1087.02,0,2.1482608695652172,0,0,1087.02,False,False,True,True,False,False,False,False,True,False,False,True,False,False,False,False,True,False,False,True,False,True,False,False,False,True
0,64,105.65,6761.6,0,1.6253846153846154,1,0,6761.6,True,True,False,True,False,True,False,False,True,False,False,False,False,False,False,False,False,False,False,False,True,False,True,False,False,True
1,28,71.69,2007.32,0,2.4720689655172414,0,0,2007.32,True,False,True,False,False,True,False,False,False,True,False,True,False,True,True,False,True,False,False,False,False,False,True,False,False,False
0,70,73.63,5154.1,0,1.0370422535211268,0,0,5154.099999999999,True,False,True,True,False,False,False,False,False,False,False,True,True,False,False,False,True,False,False,True,False,False,False,False,False,False
1,66,62.96,4155.36,0,0.9397014925373135,0,0,4155.36,True,False,True,False,True,False,False,False,False,False,False,True,True,False,False,True,True,False,False,False,False,False,True,True,False,False
1,14,50.19,702.66,0,3.3459999999999996,0,0,702.66,True,False,False,True,True,False,False,False,False,False,True,False,False,False,False,False,True,False,True,False,False,True,True,False,False,False
1,38,46.98,1785.24,0,1.2046153846153846,0,0,1785.2399999999998,False,True,False,True,False,False,True,False,False,False,False,False,True,False,False,False,True,False,False,True,False,True,True,False,False,True
0,46,80.06,3682.76,0,1.703404255319149,1,0,3682.76,False,True,True,True,False,True,False,True,False,False,False,False,False,True,False,True,False,False,False,True,False,True,False,False,False,True
1,39,58.92,2297.88,0,1.473,0,0,2297.88,False,False,False,True,False,False,True,False,False,False,True,False,True,False,False,False,False,True,True,False,True,False,True,True,False,False
1,30,86.66,2599.8,0,2.795483870967742,1,0,2599.7999999999997,True,False,False,False,True,False,False,True,False,False,False,True,True,False,False,False,False,True,False,True,True,False,False,False,False,False
0,43,54.69,2351.67,0,1.2429545454545454,0,0,2351.67,False,False,True,False,False,True,True,False,True,False,False,True,False,False,False,True,False,True,False,False,False,True,False,True,False,False
0,40,71.97,2878.8,1,1.7553658536585366,0,0,2878.8,True,True,False,True,False,False,True,False,False,True,True,False,True,False,False,False,False,True,False,True,False,False,True,False,True,False
1,20,46.48,929.6,0,2.2133333333333334,0,0,929.5999999999999,True,False,True,False,False,False,False,False,False,True,True,False,False,True,True,False,False,True,True,False,False,True,True,True,False,False
1,42,57.95,2433.9,0,1.3476744186046512,0,0,2433.9,False,False,True,True,True,False,True,False,False,True,False,False,False,True,True,False,False,True,False,False,False,False,True,False,False,False
1,42,82.71,3473.82,0,1.9234883720930231,1,0,3473.8199999999997,True,False,False,False,False,True,True,False,False,False,False,True,True,False,True,False,False,True,False,True,False,True,False,False,False,False
1,51,36.88,1880.88,1,0.7092307692307693,0,0,1880.88,False,False,True,True,False,True,True,False,False,True,True,False,True,False,False,False,False,True,False,False,False,False,True,True,False,False
1,54,48.58,2623.32,0,0.8832727272727272,0,0,2623.3199999999997,False,False,False,False,True,False,True,False,False,True,False,False,False,True,True,False,False,False,True,False,False,True,True,False,False,False
1,20,36.98,739.6,0,1.7609523809523808,0,0,739.5999999999999,True,True,True,False,True,False,False,False,False,True,False,True,True,False,False,True,True,False,False,True,True,False,True,False,False,True
1,67,106.39,7128.13,0,1.5645588235294117,1,0,7128.13,False,True,True,True,True,False,False,True,False,False,True,False,False,True,False,False,False,False,False,True,False,True,False,False,False,False
0,35,56.87,1990.45,0,1.5797222222222222,0,0,1990.4499999999998,True,True,True,False,False,False,False,True,False,False,False,True,False,False,True,False,False,False,True,False,True,False,True,False,False,False
0,37,82.62,3056.94,0,2.1742105263157896,1,0,3056.94,True,False,False,True,False,True,False,True,False,False,True,False,True,False,False,False,True,False,False,True,False,True,False,False,False,False
0,7,78.09,546.63,1,9.76125,0,1,546.63,False,False,True,False,False,True,False,True,False,True,False,False,False,False,False,True,False,False,False,True,False,False,False,True,False,False
0,43,115.95,4985.85,0,2.6352272727272728,1,0,4985.85,True,False,True,False,True,False,False,True,False,True,True,False,False,False,False,True,True,False,False,False,True,False,True,False,False,False
1,38,81.98,3115.24,0,2.102051282051282,1,0,3115.2400000000002,False,True,True,False,False,True,False,True,False,True,True,False,False,False,False,True,False,True,False,False,True,False,False,False,False,True
1,23,22.51,517.73,0,0.9379166666666667,0,0,517.73,False,False,False,True,True,False,False,False,False,False,True,False,True,False,False,True,True,False,False,True,False,False,False,True,False,False
0,39,83.61,3260.79,0,2.09025,1,0,3260.79,False,False,False,False,False,False,True,False,False,True,False,True,True,False,True,False,False,False,True,False,False,True,True,False,True,False
1,38,51.39,1952.82,0,1.3176923076923077,0,0,1952.82,True,True,False,True,True,False,False,True,True,False,False,True,False,False,False,True,False,False,False,True,False,False,True,False,False,False
0,71,44.79,3180.09,0,0.6220833333333333,0,0,3180.09,True,False,True,False,False,True,True,False,False,False,True,False,False,False,False,True,True,False,False,False,False,True,True,False,False,False
0,6,75.65,453.9,0,10.807142857142859,0,1,453.90000000000003,True,True,True,True,False,True,False,False,False,False,False,True,True,False,False,True,False,False,False,False,True,False,False,False,False,True
1,7,108.65,760.55,1,13.58125,1,1,760.5500000000001,True,True,False,False,True,False,False,True,False,False,False,False,False,True,False,False,False,True,True,False,True,False,False,True,False,False
1,49,98.36,4819.64,0,1.9672,1,0,4819.64,True,True,True,False,True,False,True,False,True,False,False,False,True,False,False,True,True,False,False,False,True,False,False,False,False,False
1,42,42.87,1800.54,0,0.9969767441860464,0,0,1800.54,True,True,False,True,False,True,False,False,False,False,False,False,False,True,True,False,False,True,False,False,False,False,True,False,False,True
1,36,111.07,3998.52,0,3.0018918918918915,1,0,3998.5199999999995,True,True,True,False,False,False,True,False,False,False,False,False,False,True,False,False,True,False,True,False,False,True,False,False,False,False
0,68,72.34,4919.12,0,1.0484057971014493,0,0,4919.12,False,False,True,False,True,False,False,True,False,True,False,False,True,False,True,False,False,False,False,True,False,False,False,False,False,False
0,53,22.16,1174.48,0,0.4103703703703704,0,0,1174.48,False,False,False,True,False,False,False,True,False,False,False,True,False,True,True,False,True,False,False,False,False,False,False,False,False,True
0,31,25.14,779.34,0,0.785625,0,0,779.34,False,True,True,True,False,False,False,False,False,True,True,False,True,False,True,False,False,False,False,False,True,False,True,False,True,False
0,60,113.57,6814.2,0,1.8618032786885246,1,0,6814.2,True,True,False,True,False,True,False,True,True,False,False,True,False,False,True,False,False,True,False,False,True,False,True,False,False,False
0,28,88.09,2466.52,0,3.037586206896552,1,0,2466.52,False,True,False,True,False,True,False,False,False,False,True,False,False,True,False,True,False,False,False,True,False,True,False,False,False,False
1,37,84.48,3125.76,0,2.223157894736842,1,0,3125.76,True,False,True,True,True,False,False,True,True,False,True,False,False,True,False,False,True,False,False,False,True,False,False,True,False,False
0,57,38.04,2168.28,0,0.6558620689655172,0,0,2168.2799999999997,False,False,True,False,True,False,False,True,True,False,True,False,True,False,True,False,True,False,True,False,False,True,False,False,True,False
1,30,111.24,3337.2,1,3.5883870967741935,1,0,3337.2,True,True,False,False,True,False,False,True,False,False,False,False,False,False,False,False,False,False,False,True,False,False,True,False,False,False
1,29,107.49,3117.21,0,3.5829999999999997,1,0,3117.21,False,False,True,False,False,True,True,False,False,True,True,False,True,False,False,True,True,False,False,True,False,True,True,False,False,False
1,55,87.23,4797.65,1,1.5576785714285715,1,0,4797.650000000001,True,True,True,True,False,True,False,True,False,False,False,True,False,False,False,True,False,True,True,False,False,False,True,False,False,True
0,31,109.08,3381.48,1,3.40875,1,0,3381.48,True,True,False,False,False,True,False,True,False,False,False,False,True,False,True,False,False,False,False,True,False,False,False,False,True,False
1,13,27.77,361.01,0,1.9835714285714285,0,0,361.01,True,False,False,True,True,False,False,False,False,False,False,False,False,False,True,False,True,False,False,False,False,True,False,True,False,False
1,14,101.32,1418.48,1,6.754666666666666,1,0,1418.48,True,False,False,True,True,False,True,False,True,False,False,True,True,False,False,False,False,False,False,False,False,False,True,False,False,True
0,66,115.86,7646.76,0,1.7292537313432836,1,0,7646.76,False,False,True,False,True,False,True,False,False,False,False,True,True,False,False,True,True,False,True,False,False,True,False,False,False,True
1,14,59.37,831.18,0,3.9579999999999997,0,0,831.18,False,False,False,True,True,False,True,False,True,False,False,True,True,False,False,True,False,True,False,False,False,True,True,False,False,False
1,57,65.94,3758.58,0,1.1368965517241378,0,0,3758.58,False,False,True,False,True,False,False,True,True,False,False,True,True,False,False,True,True,False,False,False,True,False,True,False,False,True
0,17,57.22,972.74,0,3.178888888888889,0,0,972.74,True,False,True,True,True,False,False,True,False,False,False,True,True,False,False,True,False,False,False,True,True,False,True,True,False,False
1,27,21.89,591.03,0,0.7817857142857143,0,0,591.03,True,False,False,False,False,True,False,True,False,True,True,False,True,False,True,False,False,True,False,False,True,False,True,False,True,False
1,28,61.4,1719.2,0,2.117241379310345,0,0,1719.2,False,False,False,True,False,True,False,False,True,False,False,True,True,False,False,False,True,False,False,False,True,False,False,False,True,False
0,6,109.38,656.28,1,15.625714285714285,1,1,656.28,True,True,False,False,False,False,False,False,False,False,False,True,True,False,False,False,False,True,True,False,False,False,True,False,False,False
1,33,118.79,3920.07,0,3.493823529411765,1,0,3920.07,False,True,False,True,False,False,False,False,False,True,False,False,False,True,True,False,True,False,True,False,True,False,False,False,True,False
0,65,64.41,4186.65,0,0.9759090909090908,0,0,4186.65,True,True,True,True,True,False,False,True,False,True,True,False,False,False,False,False,True,False,True,False,False,False,True,True,False,False
1,19,108.72,2065.68,0,5.436,1,0,2065.68,True,True,False,False,False,True,True,False,True,False,False,True,False,True,True,False,False,False,False,True,False,True,True,False,True,False
1,65,29.61,1924.65,0,0.4486363636363636,0,0,1924.6499999999999,True,True,False,True,True,False,True,False,False,True,False,False,False,True,False,False,False,True,False,False,True,False,True,False,True,False
0,36,22.04,793.44,0,0.5956756756756757,0,0,793.4399999999999,True,False,True,False,True,False,False,False,True,False,True,False,False,True,False,False,False,True,True,False,True,False,True,False,True,False
1,37,42.07,1556.59,0,1.1071052631578948,0,0,1556.59,True,False,False,False,False,False,False,True,False,False,True,False,True,False,False,False,False,False,False,False,True,False,True,False,True,False
1,60,26.5,1590.0,0,0.4344262295081967,0,0,1590.0,True,True,True,True,False,False,True,False,True,False,False,True,False,True,False,True,True,False,False,False,False,False,False,False,False,True
1,51,89.39,4558.89,0,1.7190384615384615,1,0,4558.89,True,True,False,False,False,True,True,False,False,False,False,True,False,False,True,False,False,False,True,False,False,True,False,False,False,False
0,47,80.63,3789.61,1,1.6797916666666666,1,0,3789.6099999999997,True,True,False,False,False,True,True,False,False,False,False,False,False,False,True,False,False,False,False,False,False,False,False,False,False,True
1,60,67.25,4035.0,0,1.1024590163934427,0,0,4035.0,True,False,True,False,False,False,True,False,True,False,True,False,True,False,False,True,False,False,False,False,False,True,True,True,False,False
1,11,81.23,893.53,1,6.769166666666667,1,1,893.5300000000001,True,False,False,False,False,False,True,False,False,False,False,False,False,False,False,True,True,False,True,False,False,False,False,False,False,True
1,41,68.86,2823.26,0,1.6395238095238096,0,0,2823.2599999999998,True,True,False,True,False,False,False,True,False,False,True,False,False,True,False,True,False,False,False,True,True,False,False,True,False,False
1,9,77.68,699.12,1,7.768000000000001,0,1,699.1200000000001,True,True,False,True,False,False,True,False,False,False,False,True,False,False,True,False,True,False,False,True,False,False,True,True,False,False
0,33,86.48,2853.84,0,2.543529411764706,1,0,2853.84,True,False,True,True,False,False,True,False,True,False,False,False,False,True,True,False,False,False,True,False,True,False,True,False,True,False
1,65,80.21,5213.65,1,1.21530303030303,1,0,5213.65,False,False,True,False,False,False,True,False,True,False,True,False,False,False,False,True,True,False,False,True,False,False,False,False,True,False
0,42,76.45,3210.9,0,1.7779069767441862,0,0,3210.9,False,False,True,True,True,False,False,True,False,False,False,False,False,True,False,False,False,True,True,False,False,True,True,False,False,True
0,58,20.29,1176.82,0,0.3438983050847457,0,0,1176.82,False,False,True,False,True,False,False,False,True,False,True,False,False,True,False,True,False,True,False,True,False,False,True,True,False,False
1,64,57.04,3650.56,0,0.8775384615384615,0,0,3650.56,True,True,False,False,False,False,True,False,True,False,False,False,False,True,False,True,True,False,False,True,False,True,False,True,False,False
1,30,42.09,1262.7,0,1.3577419354838711,0,0,1262.7,True,True,True,True,False,True,False,True,True,False,False,False,False,True,False,False,False,True,True,False,True,False,False,True,False,False
1,45,93.23,4195.35,0,2.0267391304347826,1,0,4195.35,True,False,False,False,True,False,False,False,True,False,True,False,True,False,False,True,False,True,False,True,False,True,True,False,True,False
1,48,34.96,1678.08,1,0.713469387755102,0,0,1678.08,True,False,True,False,False,False,False,True,False,True,False,True,False,False,False,False,False,True,False,True,False,False,True,False,True,False
0,51,105.76,5393.76,0,2.033846153846154,1,0,5393.76,False,False,True,False,False,True,False,False,True,False,True,False,True,False,True,False,False,False,False,True,True,False,True,False,False,True
1,33,44.55,1470.15,0,1.3102941176470588,0,0,1470.1499999999999,True,True,False,False,True,False,False,False,True,False,False,False,False,True,True,False,False,True,False,False,False,False,False,False,False,True
1,28,40.7,1139.6,1,1.403448275862069,0,0,1139.6000000000001,False,True,False,True,False,True,True,False,False,True,False,False,False,False,False,False,False,False,False,False,False,False,True,False,False,True
0,21,84.74,1779.54,0,3.8518181818181816,1,0,1779.54,False,False,True,True,False,True,False,True,True,False,False,False,True,False,False,False,False,False,False,True,True,False,False,False,True,False
0,72,64.06,4612.32,0,0.8775342465753425,0,0,4612.32,True,False,False,False,False,False,False,True,True,False,True,False,True,False,True,False,False,True,False,True,True,False,False,False,True,False
0,9,117.67,1059.03,0,11.767,1,1,1059.03,False,False,False,False,True,False,False,False,False,True,False,True,False,False,True,False,False,False,False,False,False,True,True,True,False,False
0,67,25.9,1735.3,0,0.38088235294117645,0,0,1735.3,True,True,False,False,False,True,True,False,False,True,True,False,False,True,False,True,False,True,True,False,False,True,True,True,False,False
0,48,116.13,5574.24,0,2.37,1,0,5574.24,False,True,True,False,True,False,False,True,True,False,False,True,False,False,False,False,False,True,False,True,True,False,True,False,False,False
1,17,87.82,1492.94,1,4.878888888888889,1,0,1492.9399999999998,False,False,True,False,False,True,False,False,False,True,False,False,True,False,False,False,True,False,False,True,False,False,False,True,False,False
1,11,90.43,994.73,1,7.535833333333334,1,1,994.73,False,False,True,False,False,False,False,False,True,False,False,True,True,False,False,False,True,False,False,True,False,True,False,True,False,False
0,44,78.71,3463.24,0,1.749111111111111,0,0,3463.24,True,False,False,False,False,False,False,True,False,True,False,True,False,True,True,False,False,False,False,False,True,False,False,False,True,False
0,68,106.26,7225.68,0,1.54,1,0,7225.68,True,True,False,False,False,False,True,False,False,True,True,False,True,False,False,False,True,False,True,False,True,False,True,True,False,False
0,2,21.75,43.5,0,7.25,0,1,43.5,False,False,True,True,False,False,False,False,True,False,False,False,False,False,False,True,True,False,False,False,False,True,True,False,False,False
1,24,59.91,1437.84,0,2.3964,0,0,1437.84,True,True,True,False,False,False,True,False,True,False,False,True,False,False,False,False,False,True,False,False,True,False,True,False,False,True
1,26,33.14,861.64,0,1.2274074074074075,0,0,861.64,False,False,True,False,False,True,False,False,False,False,True,False,True,False,False,True,True,False,True,False,False,False,True,False,False,True
1,42,33.82,1420.44,0,0.7865116279069767,0,0,1420.44,False,False,False,True,False,False,False,True,True,False,False,False,True,False,True,False,False,False,True,False,True,False,False,True,False,False
1,15,39.31,589.65,0,2.456875,0,0,589.6500000000001,False,False,True,True,True,False,True,False,False,False,True,False,False,False,True,False,False,True,False,True,False,False,False,False,False,False
0,42,53.76,2257.92,0,1.2502325581395348,0,0,2257.92,False,False,True,True,False,True,False,False,False,True,True,False,False,True,False,False,False,False,True,False,True,False,False,False,False,False
1,36,103.57,3728.52,0,2.799189189189189,1,0,3728.5199999999995,False,False,True,True,False,True,False,False,False,False,False,True,False,True,False,True,True,False,False,False,True,False,False,False,False,True
0,62,105.98,6570.76,0,1.6822222222222223,1,0,6570.76,True,False,True,False,False,False,False,True,False,False,False,True,True,False,False,False,True,False,False,False,True,False,True,False,True,False
0,7,116.55,815.85,0,14.56875,1,1,815.85,True,True,True,True,True,False,False,True,False,True,False,False,False,True,True,False,True,False,False,True,True,False,True,True,False,False
0,22,31.89,701.58,1,1.3865217391304347,0,0,701.58,False,False,False,True,True,False,True,False,False,True,False,False,True,False,False,False,False,True,True,False,False,False,True,False,False,False
0,43,84.63,3639.09,0,1.9234090909090908,1,0,3639.0899999999997,False,True,True,False,False,True,False,False,False,False,True,False,False,False,False,True,True,False,True,False,False,True,True,False,False,True
0,8,97.13,777.04,1,10.792222222222222,1,1,777.04,True,True,True,True,False,True,True,False,False,False,False,False,True,False,True,False,True,False,False,True,False,True,False,True,False,False
0,16,31.06,496.96,0,1.8270588235294116,0,0,496.96,False,False,False,True,False,False,True,False,True,False,False,True,False,True,False,False,False,False,False,True,False,True,False,False,False,False
1,58,20.33,1179.14,0,0.34457627118644063,0,0,1179.1399999999999,True,False,False,False,False,False,False,True,False,False,False,False,False,False,False,False,False,False,False,True,True,False,True,False,True,False
0,33,36.83,1215.39,0,1.083235294117647,0,0,1215.3899999999999,True,True,False,True,True,False,False,False,False,False,False,True,True,False,False,True,False,True,True,False,False,False,True,False,True,False
1,27,60.26,1627.02,0,2.152142857142857,0,0,1627.02,False,True,True,False,False,False,False,False,False,False,False,False,True,False,False,False,False,False,True,False,False,True,True,True,False,False
1,59,48.38,2854.42,0,0.8063333333333333,0,0,2854.42,False,True,False,True,False,True,True,False,False,False,False,False,True,False,True,False,True,False,True,False,False,True,False,True,False,False
1,58,55.73,3232.34,0,0.9445762711864406,0,0,3232.3399999999997,True,False,False,False,False,False,False,True,False,False,True,False,False,False,False,True,True,False,False,True,False,True,False,True,False,False
0,67,25.83,1730.61,0,0.37985294117647056,0,0,1730.61,False,True,True,False,False,True,False,False,False,True,True,False,True,False,False,True,False,True,False,False,False,False,True,False,False,True
1,28,98.66,2762.48,1,3.402068965517241,1,0,2762.48,True,True,False,False,False,True,False,False,False,False,False,True,True,False,False,False,False,False,False,True,False,False,True,False,False,True
1,26,52.3,1359.8,0,1.937037037037037,0,0,1359.8,False,True,True,True,False,True,True,False,False,True,True,False,True,False,False,False,False,False,True,False,False,True,True,True,False,False
1,43,104.43,4490.49,1,2.373409090909091,1,0,4490.490000000001,True,False,True,False,False,True,False,True,False,True,False,False,True,False,False,True,True,False,False,False,False,False,False,True,False,False
0,21,113.07,2374.47,0,5.139545454545455,1,0,2374.47,False,False,True,False,False,False,False,True,False,False,False,False,False,True,True,False,True,False,False,False,False,True,False,False,False,True
0,67,89.38,5988.46,0,1.3144117647058824,1,0,5988.46,True,False,False,True,False,True,False,True,False,True,False,True,False,True,True,False,False,True,False,False,False,True,True,True,False,False
0,37,106.09,3925.33,0,2.791842105263158,1,0,3925.33,False,False,True,False,False,False,False,True,True,False,True,False,True,False,False,True,False,True,True,False,False,True,True,False,True,False
1,36,51.89,1868.04,0,1.4024324324324324,0,0,1868.04,False,False,True,False,True,False,False,True,False,False,True,False,False,False,True,False,False,False,False,True,True,False,True,False,False,True
1,30,75.6,2268.0,1,2.4387096774193546,0,0,2268.0,True,True,False,False,True,False,False,True,True,False,False,False,False,False,False,False,False,True,True,False,False,False,False,False,True,False
0,70,111.68,7817.6,0,1.5729577464788733,1,0,7817.6,True,False,False,False,True,False,False,True,True,False,False,False,False,True,False,True,False,False,False,True,True,False,True,False,False,True
0,50,118.22,5911.0,0,2.3180392156862744,1,0,5911.0,False,True,False,False,False,False,True,False,False,False,False,False,False,False,True,False,True,False,False,True,False,True,True,False,False,False
0,4,64.06,256.24,1,12.812000000000001,0,1,256.24,False,True,True,True,False,False,True,False,True,False,False,True,False,True,False,False,False,True,False,False,False,False,True,False,False,True
1,45,30.95,1392.75,0,0.6728260869565217,0,0,1392.75,True,True,False,True,True,False,True,False,True,False,False,True,False,False,False,True,True,False,True,False,False,False,True,False,False,False
1,42,65.81,2764.02,0,1.53046511627907,0,0,2764.02,False,True,False,True,False,True,True,False,False,False,False,True,False,True,True,False,True,False,True,False,False,False,True,False,False,True
1,14,33.78,472.92,0,2.2520000000000002,0,0,472.92,True,False,True,True,False,True,True,False,True,False,False,True,False,True,True,False,False,False,True,False,True,False,True,False,False,True
1,69,77.56,5351.64,0,1.108,0,0,5351.64,True,True,False,True,False,True,False,True,False,False,False,True,False,False,False,True,True,False,True,False,False,False,True,False,True,False
0,66,114.82,7578.12,1,1.713731343283582,1,0,7578.12,True,True,True,True,False,True,False,False,True,False,True,False,False,True,True,False,False,True,True,False,False,False,False,True,False,False
1,68,32.71,2224.28,0,0.47405797101449276,0,0,2224.28,True,True,False,False,False,True,False,False,False,False,False,False,False,False,False,True,True,False,False,True,False,True,True,True,False,False
1,40,101.12,4044.8,0,2.466341463414634,1,0,4044.8,True,True,True,False,True,False,False,True,True,False,False,True,False,False,False,True,False,False,False,False,False,True,True,True,False,False
0,33,52.18,1721.94,0,1.5347058823529411,0,0,1721.94,False,False,False,True,True,False,False,True,True,False,False,True,False,True,True,False,False,True,False,True,False,True,False,False,False,False
0,63,31.82,2004.66,0,0.4971875,0,0,2004.66,False,True,False,False,False,False,False,True,True,False,True,False,False,False,True,False,True,False,True,False,True,False,False,False,False,True
1,6,26.11,156.66,0,3.73,0,1,156.66,False,False,True,True,False,False,False,True,False,False,False,False,False,False,False,False,False,True,False,True,False,True,False,False,False,True
0,23,100.69,2315.87,0,4.195416666666667,1,0,2315.87,True,False,True,True,False,True,False,True,True,False,False,False,True,False,False,True,True,False,False,True,False,True,True,False,False,True
1,28,117.6,3292.8,0,4.055172413793104,1,0,3292.7999999999997,True,True,False,True,False,False,False,True,True,False,False,True,False,False,False,True,True,False,True,False,False,True,False,False,True,False
1,50,106.43,5321.5,1,2.0868627450980393,1,0,5321.5,False,True,False,True,False,True,False,False,False,False,False,False,False,True,False,True,False,True,True,False,False,False,True,False,True,False
0,47,56.56,2658.32,0,1.1783333333333335,0,0,2658.32,False,False,False,False,True,False,True,False,False,False,False,True,False,True,False,False,False,True,True,False,True,False,False,False,False,True
0,60,87.41,5244.6,1,1.432950819672131,1,0,5244.599999999999,True,True,True,False,False,True,False,False,False,False,False,True,False,True,False,False,True,False,True,False,False,False,True,False,False,False
1,55,96.3,5296.5,0,1.719642857142857,1,0,5296.5,False,False,True,True,False,True,False,False,False,True,False,True,True,False,False,True,True,False,True,False,True,False,True,False,False,False
0,28,63.92,1789.76,0,2.2041379310344826,0,0,1789.76,True,False,False,False,True,False,False,True,False,True,False,True,False,False,False,False,True,False,True,False,True,False,False,False,False,True
1,15,20.68,310.2,0,1.2925,0,0,310.2,True,False,False,True,True,False,False,False,False,False,False,True,False,True,True,False,False,False,False,True,False,True,True,False,True,False
0,40,87.7,3508.0,0,2.1390243902439026,1,0,3508.0,False,False,True,True,True,False,False,False,True,False,True,False,False,False,False,False,False,True,True,False,True,False,True,False,False,False
1,26,38.09,990.34,0,1.4107407407407409,0,0,990.3400000000001,False,False,True,False,False,True,True,False,False,True,True,False,False,False,False,True,False,True,True,False,False,False,True,False,False,True
0,39,115.9,4520.1,0,2.8975,1,0,4520.1,True,False,True,False,True,False,False,True,False,True,False,True,False,True,False,False,False,False,False,True,False,True,False,False,True,False
1,43,39.61,1703.23,0,0.9002272727272728,0,0,1703.23,False,True,True,True,False,False,True,False,True,False,False,True,True,False,False,False,False,False,False,True,True,False,False,False,False,True
1,52,23.58,1226.16,0,0.44490566037735846,0,0,1226.1599999999999,True,True,True,False,True,False,False,False,True,False,True,False,False,True,False,True,False,False,False,True,True,False,False,True,False,False
1,4,76.13,304.52,1,15.225999999999999,0,1,304.52,False,True,True,False,False,True,False,True,True,False,False,False,False,False,True,False,True,False,True,False,False,False,False,False,True,False
0,48,81.66,3919.68,0,1.666530612244898,1,0,3919.68,True,True,True,False,False,False,True,False,False,True,False,False,False,False,True,False,False,False,False,True,False,True,False,True,False,False
1,51,53.82,2744.82,0,1.035,0,0,2744.82,True,False,True,False,False,True,False,False,False,True,False,True,False,True,True,False,False,False,False,True,True,False,True,False,False,False
1,64,107.51,6880.64,0,1.6540000000000001,1,0,6880.64,True,False,True,True,False,False,False,True,False,False,True,False,False,False,False,True,False,True,False,True,True,False,True,False,False,False
0,23,26.7,614.1,0,1.1125,0,0,614.1,True,False,True,False,False,True,False,True,False,True,False,False,False,False,False,False,True,False,True,False,False,True,True,False,True,False
0,9,43.44,390.96,0,4.343999999999999,0,1,390.96,True,True,True,True,True,False,False,False,False,False,True,False,False,True,True,False,False,False,True,False,True,False,False,True,False,False
0,56,103.25,5782.0,0,1.8114035087719298,1,0,5782.0,False,True,True,False,False,True,False,False,False,False,False,True,False,False,True,False,False,True,True,False,False,True,True,False,False,False
0,51,103.83,5295.33,0,1.9967307692307692,1,0,5295.33,False,True,True,False,True,False,True,False,False,True,True,False,True,False,False,True,False,False,True,False,True,False,False,False,False,False
0,62,87.6,5431.2,1,1.3904761904761904,1,0,5431.2,False,False,False,False,True,False,False,False,False,False,True,False,False,True,False,False,False,True,False,True,False,False,False,True,False,False
0,18,50.6,910.8,0,2.6631578947368424,0,0,910.8000000000001,False,True,False,False,True,False,False,True,True,False,False,True,True,False,False,False,False,False,True,False,False,False,True,True,False,False
0,69,45.29,3125.01,0,0.647,0,0,3125.0099999999998,True,True,False,False,True,False,False,True,False,True,False,False,True,False,True,False,True,False,False,True,False,False,True,False,False,True
0,35,66.05,2311.75,0,1.8347222222222221,0,0,2311.75,False,False,False,True,False,False,False,False,True,False,False,False,False,False,True,False,True,False,False,False,False,False,True,False,False,True
1,27,65.44,1766.88,0,2.337142857142857,0,0,1766.8799999999999,False,False,True,False,False,True,True,False,False,False,True,False,True,False,True,False,False,False,False,True,True,False,True,False,False,False
1,40,24.74,989.6,0,0.6034146341463414,0,0,989.5999999999999,False,False,False,True,False,True,False,False,True,False,False,True,True,False,False,False,True,False,False,True,True,False,False,False,False,False
0,12,32.38,388.56,0,2.490769230769231,0,0,388.56000000000006,False,True,False,True,False,False,True,False,False,False,False,True,True,False,False,True,False,False,False,True,True,False,True,False,False,False
1,49,94.48,4629.52,0,1.8896000000000002,1,0,4629.52,False,False,False,True,False,True,True,False,True,False,True,False,True,False,False,False,True,False,True,False,True,False,False,False,False,False
0,33,52.08,1718.64,0,1.531764705882353,0,0,1718.6399999999999,True,True,False,True,False,False,True,False,False,True,False,True,False,False,True,False,True,False,True,False,False,True,True,False,True,False
0,52,71.54,3720.08,0,1.349811320754717,0,0,3720.0800000000004,True,False,True,False,False,True,True,False,False,False,True,False,False,False,False,False,False,False,False,False,False,True,False,False,True,False
1,61,66.0,4026.0,0,1.064516129032258,0,0,4026.0,True,False,False,False,True,False,False,True,False,False,False,True,False,True,False,True,False,False,True,False,False,False,True,False,True,False
1,4,42.06,168.24,0,8.412,0,1,168.24,True,True,False,True,False,False,False,True,False,True,False,True,False,True,True,False,False,True,True,False,True,False,True,False,False,True
0,1,62.8,62.8,0,31.4,0,1,62.8,True,True,True,False,False,True,False,False,True,False,True,False,False,True,False,False,False,True,True,False,False,True,False,True,False,False
0,65,35.86,2330.9,0,0.5433333333333333,0,0,2330.9,True,True,False,False,True,False,False,False,False,False,False,False,False,True,True,False,False,True,True,False,True,False,True,False,False,True
0,1,62.1,62.1,1,31.05,0,1,62.1,True,True,True,True,False,True,True,False,True,False,False,False,True,False,False,False,False,False,False,False,False,False,True,False,False,True
0,3,57.96,173.88,0,14.49,0,1,173.88,False,False,True,False,False,False,False,True,False,False,True,False,False,False,True,False,False,True,False,True,False,True,False,False,False,True
1,66,60.97,4024.02,0,0.91,0,0,4024.02,False,False,True,True,False,False,False,False,True,False,False,True,False,False,False,False,True,False,False,False,True,False,False,False,False,False
0,7,27.02,189.14,0,3.3775,0,1,189.14,False,False,False,False,True,False,False,False,True,False,False,False,False,True,True,False,False,True,True,False,False,True,True,False,False,False
0,9,116.1,1044.9,0,11.61,1,1,1044.8999999999999,False,True,False,False,False,False,False,True,True,False,False,False,False,False,True,False,False,False,True,False,False,True,False,False,False,True
0,60,64.95,3897.0,0,1.0647540983606558,0,0,3897.0,False,True,False,True,False,False,False,False,True,False,False,False,False,False,False,True,False,False,True,False,False,True,False,False,True,False
0,40,60.24,2409.6,0,1.4692682926829268,0,0,2409.6,True,True,False,True,False,True,True,False,True,False,False,True,False,True,True,False,False,False,True,False,False,False,False,False,False,False
1,4,110.05,440.2,1,22.009999999999998,1,1,440.2,False,False,True,False,False,False,False,True,False,False,False,False,True,False,False,False,False,True,True,False,False,True,True,False,False,False
0,67,76.38,5117.46,0,1.1232352941176469,0,0,5117.46,False,False,False,True,False,True,False,False,False,True,True,False,False,True,False,True,False,True,False,True,True,False,False,True,False,False
1,23,21.8,501.4,0,0.9083333333333333,0,0,501.40000000000003,False,False,False,False,False,True,True,False,True,False,True,False,False,False,False,True,True,False,False,False,False,True,False,True,False,False
1,57,80.7,4599.9,0,1.3913793103448275,1,0,4599.900000000001,True,True,False,True,False,True,True,False,False,True,True,False,True,False,False,True,False,True,False,False,False,True,True,False,False,True
0,66,79.76,5264.16,1,1.1904477611940298,0,0,5264.160000000001,False,False,True,True,False,True,False,True,False,True,False,True,False,False,False,False,False,False,False,True,False,False,False,False,True,False
0,39,38.23,1490.97,0,0.9557499999999999,0,0,1490.9699999999998,False,False,True,True,False,True,True,False,False,False,False,False,False,False,False,False,False,False,True,False,False,True,True,False,False,True
0,52,102.96,5353.92,0,1.9426415094339622,1,0,5353.92,False,False,False,True,True,False,False,False,True,False,False,True,False,True,False,True,False,True,False,False,True,False,True,False,False,False
1,66,58.77,3878.82,0,0.8771641791044776,0,0,3878.82,False,True,True,True,False,False,True,False,False,False,False,True,False,False,False,True,False,True,True,False,False,False,True,False,False,False
0,69,48.02,3313.38,0,0.686,0,0,3313.38,False,True,False,False,False,False,False,True,False,True,True,False,True,False,True,False,False,True,True,False,False,False,True,False,False,True
1,13,108.41,1409.33,0,7.743571428571428,1,0,1409.33,False,False,False,True,False,False,False,False,False,False,True,False,True,False,False,False,False,True,False,False,False,True,False,False,False,True
1,24,110.55,2653.2,0,4.422,1,0,2653.2,True,False,False,True,True,False,False,False,True,False,False,True,False,True,True,False,True,False,False,False,True,False,True,False,False,True
1,30,61.61,1848.3,0,1.9874193548387096,0,0,1848.3,False,False,True,True,False,False,True,False,False,False,True,False,True,False,False,True,False,True,False,False,False,True,False,False,True,False
1,23,59.22,1362.06,0,2.4675,0,0,1362.06,True,False,True,False,True,False,False,False,True,False,False,True,False,False,False,False,False,False,True,False,True,False,True,False,False,False
1,37,21.73,804.01,0,0.5718421052631579,0,0,804.01,True,True,False,True,False,False,False,False,False,False,True,False,False,False,False,False,False,True,False,False,False,False,False,False,False,True
0,20,109.63,2192.6,0,5.22047619047619,1,0,2192.6,True,True,True,True,False,False,False,False,False,True,False,True,False,False,False,False,False,True,True,False,False,True,False,False,True,False
1,50,77.25,3862.5,0,1.5147058823529411,0,0,3862.5,True,True,False,True,True,False,False,False,False,True,True,False,False,False,False,True,True,False,False,True,False,True,False,False,False,True
0,14,93.63,1310.82,1,6.242,1,0,1310.82,True,True,True,True,False,True,False,True,True,False,True,False,False,True,False,True,True,False,False,True,False,False,False,False,False,False
1,64,119.89,7672.96,0,1.8444615384615384,1,0,7672.96,False,False,True,True,False,False,False,True,True,False,False,False,True,False,False,True,True,False,False,True,False,True,False,False,True,False
0,7,65.64,459.48,1,8.205,0,1,459.48,False,False,True,False,False,True,True,False,True,False,False,False,True,False,False,True,False,True,False,True,False,False,True,True,False,False
1,33,47.84,1578.72,0,1.407058823529412,0,0,1578.72,False,False,True,False,False,True,True,False,False,True,False,False,True,False,False,True,False,True,True,False,False,False,True,False,False,False
1,39,61.24,2388.36,1,1.5310000000000001,0,0,2388.36,True,False,True,True,False,False,False,True,True,False,False,False,False,True,False,False,True,False,False,True,False,False,True,False,True,False
0,65,94.96,6172.4,0,1.4387878787878787,1,0,6172.4,True,True,True,False,False,False,True,False,False,False,True,False,False,True,False,False,False,True,True,False,True,False,True,True,False,False
1,27,88.03,2376.81,0,3.1439285714285714,1,0,2376.81,True,True,True,False,False,False,False,False,False,False,False,True,True,False,False,False,False,False,False,True,False,True,False,False,False,True
1,19,44.44,844.36,0,2.222,0,0,844.3599999999999,False,False,False,True,False,False,False,True,False,False,False,False,False,True,False,False,False,False,False,True,False,False,False,False,False,False
0,17,119.28,2027.76,0,6.626666666666667,1,0,2027.76,False,False,True,False,False,True,False,False,False,True,True,False,False,False,True,False,True,False,False,True,False,True,True,False,False,False
0,54,88.26,4766.04,0,1.6047272727272728,1,0,4766.04,False,False,True,True,False,True,True,False,False,False,False,False,False,True,True,False,True,False,False,True,True,False,True,False,True,False
1,33,83.64,2760.12,0,2.46,1,0,2760.12,True,False,False,True,True,False,True,False,True,False,True,False,True,False,False,True,True,False,False,True,False,True,False,True,False,False
0,41,49.42,2026.22,0,1.1766666666666667,0,0,2026.22,True,True,True,False,True,False,False,False,False,False,False,False,True,False,True,False,True,False,False,True,False,False,False,False,False,False
0,60,32.76,1965.6,0,0.5370491803278689,0,0,1965.6,False,False,True,False,True,False,False,False,False,True,False,True,True,False,True,False,False,False,False,False,False,False,True,True,False,False
1,3,75.85,227.55,0,18.9625,0,1,227.54999999999998,True,True,False,True,False,True,False,False,False,True,False,False,False,True,True,False,True,False,True,False,False,True,True,False,False,False
0,34,114.78,3902.52,0,3.2794285714285714,1,0,3902.52,False,True,False,True,True,False,False,False,False,False,False,True,True,False,True,False,False,False,False,False,False,True,True,True,False,False
1,2,90.09,180.18,1,30.03,1,1,180.18,True,False,True,False,False,False,True,False,False,True,False,False,False,True,True,False,False,True,False,True,True,False,True,True,False,False
1,13,95.93,1247.09,0,6.852142857142858,1,0,1247.0900000000001,False,True,True,False,True,False,True,False,False,True,True,False,False,True,False,True,True,False,True,False,False,True,True,False,True,False
0,24,88.47,2123.28,0,3.5388,1,0,2123.2799999999997,True,False,True,True,True,False,False,False,True,False,False,True,True,False,False,True,True,False,False,True,True,False,True,True,False,False
1,55,53.01,2915.55,0,0.9466071428571429,0,0,2915.5499999999997,False,False,False,False,False,True,True,False,False,True,False,False,False,False,True,False,False,True,False,True,False,True,True,True,False,False
1,27,86.3,2330.1,0,3.082142857142857,1,0,2330.1,False,True,True,False,False,False,True,False,True,False,True,False,True,False,True,False,True,False,True,False,False,True,False,False,False,False
1,28,67.02,1876.56,1,2.3110344827586204,0,0,1876.56,False,True,False,False,False,False,False,False,False,False,True,False,False,True,False,False,False,False,False,True,False,False,False,False,True,False
0,17,116.52,1980.84,1,6.473333333333333,1,0,1980.84,True,False,True,False,False,True,False,False,False,False,True,False,False,False,False,False,False,False,False,False,False,False,True,False,False,False
0,60,76.72,4603.2,0,1.2577049180327868,0,0,4603.2,True,True,False,False,True,False,True,False,True,False,False,False,False,False,False,False,True,False,False,False,False,True,True,False,False,True
1,37,21.56,797.72,0,0.5673684210526315,0,0,797.7199999999999,False,False,False,True,False,False,False,False,False,False,False,True,True,False,True,False,True,False,False,False,False,False,False,True,False,False
0,42,97.04,4075.68,0,2.256744186046512,1,0,4075.6800000000003,False,False,True,True,False,False,False,True,False,False,True,False,False,False,False,True,False,True,False,False,True,False,False,False,False,True
0,26,51.68,1343.68,0,1.914074074074074,0,0,1343.68,False,False,True,True,False,True,True,False,False,False,True,False,False,True,True,False,True,False,False,False,False,True,False,False,False,True
1,22,96.75,2128.5,0,4.206521739130435,1,0,2128.5,False,False,True,False,False,True,True,False,False,True,False,True,False,True,False,True,False,False,True,False,False,True,False,False,True,False
0,19,23.87,453.53,0,1.1935,0,0,453.53000000000003,True,False,True,True,False,True,True,False,True,False,True,False,False,True,False,True,True,False,False,False,False,True,False,False,False,False
0,57,79.01,4503.57,0,1.362241379310345,0,0,4503.570000000001,True,False,True,False,False,False,False,False,False,True,True,False,True,False,True,False,True,False,True,False,False,True,True,False,True,False
0,10,50.65,506.5,1,4.6045454545454545,0,1,506.5,False,True,True,False,True,False,True,False,False,True,True,False,True,False,False,True,False,True,True,False,False,False,True,False,False,True
1,65,60.0,3900.0,0,0.9090909090909091,0,0,3900.0,False,False,False,True,False,False,True,False,False,False,False,False,True,False,True,False,False,True,True,False,False,True,False,False,False,True
0,31,80.33,2490.23,0,2.5103125,1,0,2490.23,True,True,True,False,False,True,False,False,True,False,False,True,False,True,True,False,False,True,False,False,True,False,True,False,False,True
1,54,49.85,2691.9,0,0.9063636363636364,0,0,2691.9,True,True,True,False,False,True,False,False,False,False,False,False,False,True,False,True,False,False,False,True,False,True,False,False,True,False
0,26,74.57,1938.82,0,2.761851851851852,0,0,1938.8199999999997,False,False,True,False,False,True,False,True,True,False,False,True,True,False,False,True,False,False,True,False,False,False,True,False,False,False
0,54,53.96,2913.84,1,0.9810909090909091,0,0,2913.84,False,False,True,True,False,False,True,False,False,True,False,False,False,False,False,False,False,False,True,False,False,False,False,False,False,False
0,66,85.39,5635.74,0,1.2744776119402985,1,0,5635.74,True,True,True,False,False,False,False,True,False,False,False,True,False,True,False,True,False,True,False,True,True,False,True,False,True,False
0,7,119.44,836.08,1,14.93,1,1,836.0799999999999,True,False,True,False,True,False,False,True,True,False,True,False,True,False,False,True,True,False,True,False,False,False,False,True,False,False
1,50,45.5,2275.0,0,0.8921568627450981,0,0,2275.0,False,False,False,True,False,False,False,True,False,True,False,False,False,True,True,False,False,False,True,False,False,False,False,True,False,False
0,69,47.62,3285.78,0,0.6802857142857143,0,0,3285.7799999999997,True,True,True,False,False,True,False,True,False,True,False,False,True,False,True,False,False,False,False,False,True,False,False,False,False,True
0,43,42.75,1838.25,1,0.9715909090909091,0,0,1838.25,True,True,True,False,False,True,True,False,True,False,True,False,False,False,False,False,False,False,False,False,False,False,False,False,False,False
1,8,85.95,687.6,0,9.55,1,1,687.6,True,True,False,True,False,True,False,True,True,False,True,False,True,False,False,True,True,False,True,False,True,False,False,True,False,False
1,23,102.41,2355.43,0,4.267083333333333,1,0,2355.43,False,True,True,True,True,False,False,False,False,False,True,False,True,False,True,False,True,False,True,False,True,False,True,True,False,False
0,50,118.69,5934.5,0,2.327254901960784,1,0,5934.5,False,True,False,False,True,False,True,False,False,False,False,False,True,False,False,False,False,False,False,False,True,False,True,True,False,False
1,48,107.68,5168.64,1,2.1975510204081634,1,0,5168.64,True,True,True,True,True,False,False,True,True,False,False,True,True,False,True,False,True,False,False,True,False,False,True,False,True,False
0,60,80.39,4823.4,1,1.3178688524590163,1,0,4823.4,True,False,False,False,True,False,False,False,False,True,False,False,False,True,True,False,False,True,False,True,False,False,False,False,False,True
1,17,86.05,1462.85,0,4.780555555555555,1,0,1462.85,False,False,True,True,False,False,True,False,True,False,False,True,False,False,False,False,False,False,False,True,True,False,True,True,False,False
0,55,78.52,4318.6,0,1.4021428571428571,0,0,4318.599999999999,True,True,False,False,False,True,False,True,False,False,False,False,False,True,False,True,False,False,False,False,False,False,False,False,False,False
0,31,94.45,2927.95,0,2.9515625,1,0,2927.9500000000003,False,True,True,False,True,False,False,True,False,False,False,False,False,True,False,False,True,False,False,True,False,True,False,False,True,False
0,46,115.84,5328.64,0,2.46468085106383,1,0,5328.64,False,False,True,False,True,False,False,False,False,True,False,True,False,False,False,False,False,True,False,False,True,False,True,False,False,True
0,61,68.28,4165.08,0,1.1012903225806452,0,0,4165.08,True,True,False,False,False,False,True,False,False,True,False,False,False,False,False,True,True,False,False,True,False,True,True,True,False,False
0,59,70.37,4151.83,0,1.1728333333333334,0,0,4151.83,False,True,False,True,False,True,False,True,True,False,True,False,False,False,False,True,False,False,True,False,False,False,False,False,True,False
0,40,23.77,950.8,0,0.5797560975609756,0,0,950.8,True,False,False,True,False,True,False,False,False,True,False,False,False,False,False,True,False,False,True,False,True,False,True,False,True,False
0,56,101.67,5693.52,0,1.7836842105263158,1,0,5693.52,False,True,True,True,True,False,False,True,False,False,False,True,False,False,False,False,False,True,True,False,False,True,False,False,False,True
1,56,79.4,4446.4,0,1.392982456140351,0,0,4446.400000000001,False,True,False,True,False,True,False,False,True,False,True,False,False,True,False,True,False,False,False,False,True,False,False,False,False,False
0,25,82.56,2064.0,1,3.1753846153846155,1,0,2064.0,True,False,True,False,True,False,False,False,False,False,False,False,False,True,True,False,False,False,False,False,False,False,True,False,False,True
1,65,67.57,4392.05,0,1.0237878787878787,0,0,4392.049999999999,True,True,True,True,False,True,False,False,False,False,True,False,True,False,True,False,False,False,False,True,False,False,True,True,False,False
1,2,74.61,149.22,0,24.87,0,1,149.22,False,False,False,True,True,False,True,False,False,False,False,True,False,False,False,False,True,False,False,True,False,True,True,True,False,False
1,6,60.96,365.76,0,8.708571428571428,0,1,365.76,True,False,True,False,True,False,False,True,False,False,False,False,False,False,False,True,False,False,False,False,False,True,False,True,False,False
0,50,44.46,2223.0,0,0.871764705882353,0,0,2223.0,False,False,True,False,False,False,False,False,False,True,False,False,False,True,True,False,True,False,True,False,False,False,False,False,False,False
0,68,41.5,2822.0,0,0.6014492753623188,0,0,2822.0,False,False,False,True,False,True,True,False,False,True,True,False,True,False,True,False,False,True,False,False,False,True,False,False,False,True
1,18,40.24,724.32,0,2.1178947368421053,0,0,724.32,False,True,False,False,True,False,False,True,False,True,False,True,False,False,False,True,False,True,False,False,False,False,True,False,False,False
0,34,38.17,1297.78,0,1.0905714285714285,0,0,1297.78,False,True,True,False,True,False,False,False,False,False,False,True,True,False,False,True,False,False,False,False,False,True,False,False,False,False
0,34,71.3,2424.2,0,2.037142857142857,0,0,2424.2,False,True,False,True,False,False,False,False,True,False,False,True,True,False,False,True,False,True,False,False,True,False,False,False,True,False
0,23,45.03,1035.69,0,1.87625,0,0,1035.69,False,True,True,True,True,False,False,False,True,False,False,True,False,True,True,False,True,False,True,False,True,False,False,False,False,True
0,71,50.02,3551.42,0,0.6947222222222222,0,0,3551.42,True,False,False,False,True,False,False,False,False,False,True,False,True,False,False,True,True,False,False,False,True,False,True,False,False,False
0,50,37.38,1869.0,0,0.7329411764705883,0,0,1869.0000000000002,True,True,False,True,False,True,False,False,False,True,False,False,True,False,True,False,True,False,False,False,False,True,True,False,False,True
1,22,29.86,656.92,1,1.2982608695652174,0,0,656.92,False,False,False,False,False,False,True,False,False,True,False,True,True,False,False,False,False,True,True,False,False,False,False,False,True,False
0,20,116.77,2335.4,1,5.56047619047619,1,0,2335.4,True,True,False,False,True,False,True,False,True,False,False,True,False,True,True,False,False,True,False,True,False,False,True,True,False,False
0,70,28.82,2017.4,1,0.4059154929577465,0,0,2017.4,True,True,True,False,False,False,False,False,False,False,True,False,False,False,False,False,False,False,False,True,False,False,False,False,True,False
1,33,20.47,675.51,0,0.6020588235294118,0,0,675.51,True,True,True,False,False,False,False,False,False,True,False,False,False,True,False,False,False,False,False,False,True,False,False,False,False,False
1,17,47.02,799.34,0,2.6122222222222224,0,0,799.34,True,False,False,True,False,True,False,True,False,True,False,True,False,False,False,True,True,False,True,False,True,False,True,False,True,False
1,33,71.61,2363.13,0,2.106176470588235,0,0,2363.13,True,True,True,True,True,False,False,True,False,True,False,False,False,False,True,False,False,False,False,True,False,False,True,False,False,True
0,46,54.99,2529.54,0,1.1700000000000002,0,0,2529.54,True,True,True,False,False,False,True,False,False,True,True,False,False,False,False,False,False,True,True,False,True,False,True,False,False,False
1,25,58.31,1457.75,0,2.242692307692308,0,0,1457.75,False,False,True,True,True,False,True,False,False,False,False,False,False,True,False,False,False,False,True,False,False,True,True,False,False,True
0,54,75.44,4073.76,0,1.3716363636363635,0,0,4073.7599999999998,True,False,True,True,False,False,True,False,False,True,False,True,False,False,True,False,False,True,False,True,True,False,True,True,False,False
0,57,109.55,6244.35,0,1.888793103448276,1,0,6244.349999999999,True,True,False,False,False,False,False,False,False,True,False,True,True,False,False,False,True,False,False,False,True,False,False,False,False,False
1,11,36.64,403.04,0,3.0533333333333332,0,1,403.04,False,True,True,True,True,False,False,True,False,True,False,True,False,False,False,True,False,True,False,False,False,True,True,False,False,False
0,45,47.78,2150.1,0,1.038695652173913,0,0,2150.1,False,True,False,True,False,True,False,True,True,False,False,False,True,False,False,False,False,True,True,False,False,False,True,False,False,False
0,26,99.49,2586.74,1,3.6848148148148145,1,0,2586.74,False,True,False,False,False,False,False,False,False,True,True,False,False,True,False,True,False,True,True,False,False,False,False,True,False,False
0,58,41.09,2383.22,0,0.6964406779661018,0,0,2383.2200000000003,True,True,True,True,True,False,False,False,True,False,False,True,False,True,True,False,False,False,False,False,True,False,True,True,False,False
1,36,81.0,2916.0,1,2.189189189189189,1,0,2916.0,False,False,False,False,True,False,True,False,False,False,False,False,True,False,True,False,False,False,False,False,False,False,False,True,False,False
1,45,24.19,1088.55,0,0.5258695652173914,0,0,1088.55,True,True,False,True,False,True,True,False,False,False,True,False,False,False,False,True,False,False,True,False,False,True,True,False,False,True
0,34,98.64,3353.76,0,2.8182857142857145,1,0,3353.76,True,False,False,False,True,False,True,False,False,True,False,False,True,False,True,False,True,False,False,True,False,True,False,True,False,False
0,49,95.38,4673.62,1,1.9076,1,0,4673.62,False,False,False,True,False,False,False,False,False,False,False,False,False,False,True,False,False,True,True,False,False,False,False,False,False,True
1,4,107.13,428.52,1,21.426,1,1,428.52,False,False,False,False,True,False,True,False,False,False,False,True,True,False,False,False,False,True,False,True,False,False,False,False,True,False
1,42,41.05,1724.1,0,0.9546511627906976,0,0,1724.1,False,False,True,True,True,False,False,False,True,False,False,True,True,False,False,False,False,True,False,False,False,False,True,False,False,False
1,68,50.76,3451.68,0,0.7356521739130435,0,0,3451.68,False,False,True,False,True,False,False,False,True,False,False,True,False,False,False,True,False,False,True,False,False,True,False,False,False,True
1,46,30.59,1407.14,0,0.6508510638297872,0,0,1407.14,False,False,False,False,False,False,True,False,False,True,True,False,False,True,False,True,False,False,False,False,True,False,False,False,False,True
1,61,85.74,5230.14,0,1.3829032258064515,1,0,5230.139999999999,True,False,True,True,True,False,True,False,False,False,False,False,False,False,False,False,True,False,False,False,False,True,False,True,False,False
0,20,52.47,1049.4,0,2.4985714285714287,0,0,1049.4,False,False,False,True,False,True,False,True,True,False,True,False,False,True,False,False,False,False,True,False,False,True,True,False,False,True
1,12,54.71,656.52,0,4.208461538461538,0,0,656.52,True,False,True,True,True,False,False,False,True,False,False,False,False,False,False,True,True,False,False,False,True,False,True,False,True,False
0,64,27.72,1774.08,0,0.42646153846153845,0,0,1774.08,False,True,False,True,False,True,True,False,False,True,False,False,True,False,False,False,False,True,True,False,True,False,True,False,False,False
0,35,117.59,4115.65,0,3.266388888888889,1,0,4115.650000000001,True,False,False,True,True,False,False,False,True,False,True,False,False,True,False,False,True,False,True,False,False,True,True,True,False,False
0,35,101.22,3542.7,0,2.8116666666666665,1,0,3542.7,False,False,True,False,False,False,False,False,True,False,True,False,False,True,True,False,False,False,False,False,False,True,True,False,True,False
0,31,40.75,1263.25,0,1.2734375,0,0,1263.25,False,False,False,False,False,False,False,False,False,True,False,True,True,False,False,False,False,True,False,False,False,False,False,True,False,False
1,42,35.11,1474.62,0,0.8165116279069767,0,0,1474.62,False,False,True,True,True,False,False,True,True,False,False,True,False,True,False,False,False,True,False,False,False,False,False,True,False,False
0,68,104.9,7133.2,0,1.520289855072464,1,0,7133.200000000001,False,False,False,False,True,False,True,False,False,True,False,False,False,False,False,True,True,False,False,False,False,True,True,True,False,False
0,33,37.44,1235.52,1,1.1011764705882352,0,0,1235.52,True,True,True,True,False,False,True,False,False,True,False,False,True,False,True,False,False,False,True,False,False,False,True,False,True,False
0,69,29.52,2036.88,0,0.4217142857142857,0,0,2036.8799999999999,False,False,True,True,True,False,False,False,False,True,False,True,False,True,False,False,False,False,False,False,True,False,True,True,False,False
0,3,58.92,176.76,0,14.73,0,1,176.76,False,True,False,False,False,True,True,False,True,False,False,True,False,True,False,True,False,True,False,False,True,False,False,False,True,False
0,7,61.94,433.58,0,7.7425,0,1,433.58,False,True,False,True,False,False,True,False,True,False,False,True,False,False,False,False,True,False,True,False,True,False,False,True,False,False
0,22,46.27,1017.94,0,2.011739130434783,0,0,1017.94,True,True,False,False,False,True,False,False,False,False,True,False,False,False,True,False,False,False,True,False,True,False,True,True,False,False
0,11,91.71,1008.81,0,7.642499999999999,1,1,1008.81,False,False,False,True,False,True,False,False,True,False,True,False,False,True,False,True,True,False,False,False,True,False,True,True,False,False
0,51,50.26,2563.26,1,0.9665384615384615,0,0,2563.2599999999998,True,True,False,False,False,False,False,True,False,False,False,False,True,False,False,False,False,False,False,False,False,False,True,False,True,False
1,54,74.72,4034.88,0,1.3585454545454545,0,0,4034.88,True,True,False,True,False,False,False,True,False,True,False,True,True,False,False,True,False,False,False,False,False,True,False,False,True,False
0,69,118.44,8172.36,1,1.692,1,0,8172.36,False,False,True,False,False,False,False,True,False,False,True,False,True,False,False,False,False,False,True,False,False,False,False,False,False,True
1,1,37.31,37.31,0,18.655,0,1,37.31,True,False,False,False,False,True,True,False,False,False,False,True,True,False,False,False,False,True,False,False,False,True,False,True,False,False
1,45,22.78,1025.1,0,0.49521739130434783,0,0,1025.1000000000001,False,True,False,True,True,False,False,False,False,False,True,False,False,True,False,True,False,False,False,True,False,True,False,False,False,True
1,37,104.27,3857.99,1,2.7439473684210527,1,0,3857.99,True,True,False,True,False,True,True,False,False,True,False,False,False,True,False,False,False,True,True,False,False,False,True,False,False,True
1,57,105.96,6039.72,0,1.8268965517241378,1,0,6039.719999999999,False,True,True,True,False,True,True,False,False,False,False,True,True,False,False,True,False,True,False,False,False,True,False,False,True,False
1,44,61.96,2726.24,0,1.3768888888888888,0,0,2726.2400000000002,True,True,True,False,True,False,False,False,True,False,True,False,False,True,False,True,False,True,False,False,True,False,True,True,False,False
1,42,28.13,1181.46,0,0.6541860465116279,0,0,1181.46,True,False,False,True,False,True,False,True,False,False,False,False,False,False,False,True,False,True,False,True,False,True,False,False,False,True
0,63,100.08,6305.04,1,1.56375,1,0,6305.04,False,False,True,False,True,False,False,False,True,False,True,False,False,True,True,False,True,False,False,False,False,False,False,False,False,True
0,26,47.09,1224.34,0,1.744074074074074,0,0,1224.3400000000001,False,False,True,True,False,False,True,False,True,False,False,True,True,False,False,False,False,True,False,True,True,False,False,False,False,False
0,7,99.58,697.06,0,12.4475,1,1,697.06,False,True,False,True,False,True,False,True,False,False,False,False,True,False,True,False,False,True,False,True,False,True,True,True,False,False
0,70,34.6,2422.0,0,0.48732394366197185,0,0,2422.0,False,True,False,False,False,False,False,True,False,False,False,True,False,False,False,True,False,True,True,False,False,True,True,False,False,False
0,58,44.51,2581.58,0,0.7544067796610169,0,0,2581.58,False,False,False,False,False,False,False,True,True,False,True,False,True,False,False,True,True,False,True,False,False,False,True,False,True,False
1,29,24.87,721.23,0,0.8290000000000001,0,0,721.23,True,True,False,True,False,False,False,True,False,True,False,True,False,False,False,False,False,True,False,True,False,True,True,False,False,True
0,12,29.57,354.84,0,2.2746153846153847,0,0,354.84000000000003,True,True,True,True,False,False,False,True,False,True,True,False,True,False,True,False,True,False,False,True,False,False,False,False,True,False
0,12,50.62,607.44,0,3.8938461538461535,0,0,607.4399999999999,False,True,True,True,False,False,True,False,False,True,False,True,False,True,False,True,True,False,False,False,False,True,False,False,False,True
0,69,52.77,3641.13,0,0.7538571428571429,0,0,3641.13,True,False,False,True,True,False,True,False,True,False,False,False,False,False,True,False,False,False,False,True,False,True,False,True,False,False
1,20,28.6,572.0,0,1.361904761904762,0,0,572.0,False,False,False,True,False,False,False,False,True,False,False,False,True,False,False,False,True,False,True,False,False,False,True,False,False,False
1,4,107.62,430.48,1,21.524,1,1,430.48,True,False,True,False,False,True,False,False,False,False,False,True,True,False,False,False,False,False,True,False,True,False,False,False,False,True
0,33,43.64,1440.12,0,1.2835294117647058,0,0,1440.1200000000001,False,False,False,True,True,False,False,True,False,False,False,True,False,True,False,False,True,False,True,False,False,True,True,False,False,True
1,55,82.58,4541.9,1,1.4746428571428571,1,0,4541.9,True,True,False,False,False,False,True,False,True,False,False,False,True,False,False,True,False,False,False,False,False,False,False,False,False,False
0,1,29.16,29.16,0,14.58,0,1,29.16,False,False,False,False,True,False,False,False,False,False,False,False,False,True,True,False,False,False,False,True,False,True,False,False,False,True
1,10,66.63,666.3,1,6.057272727272727,0,1,666.3,False,False,True,True,False,True,False,True,False,False,False,False,False,True,True,False,True,False,True,False,False,False,False,False,True,False
0,9,35.46,319.14,1,3.5460000000000003,0,1,319.14,False,True,True,True,False,True,True,False,True,False,True,False,False,True,False,True,False,False,True,False,False,False,True,True,False,False
1,5,72.26,361.3,1,12.043333333333335,0,1,361.3,False,True,True,False,False,False,False,True,True,False,False,True,False,True,False,False,True,False,False,True,False,False,False,False,False,True
1,10,44.33,443.3,0,4.03,0,1,443.29999999999995,False,False,True,False,False,False,False,True,True,False,True,False,True,False,False,True,False,False,False,True,True,False,True,False,False,False
0,34,76.65,2606.1,1,2.19,0,0,2606.1000000000004,True,False,True,False,False,False,True,False,False,True,False,False,True,False,False,False,False,True,False,True,False,False,False,True,False,False
1,68,21.83,1484.44,0,0.3163768115942029,0,0,1484.4399999999998,True,False,False,False,True,False,False,True,False,True,False,False,False,True,True,False,True,False,True,False,False,False,False,True,False,False
1,12,70.84,850.08,0,5.44923076923077,0,0,850.08,False,False,False,False,True,False,True,False,False,False,True,False,False,True,False,True,False,False,False,False,False,True,False,False,False,False
1,23,90.78,2087.94,0,3.7825,1,0,2087.94,True,False,False,True,True,False,False,False,True,False,False,True,True,False,False,True,True,False,False,False,True,False,False,False,True,False
1,26,106.77,2776.02,1,3.9544444444444444,1,0,2776.02,True,False,False,False,False,True,False,False,False,True,False,True,False,False,False,True,True,False,False,False,False,False,False,False,False,True
1,41,33.65,1379.65,0,0.8011904761904761,0,0,1379.6499999999999,False,False,True,True,True,False,False,True,True,False,True,False,False,True,True,False,False,True,False,False,False,True,True,False,False,True
1,68,79.59,5412.12,0,1.1534782608695653,0,0,5412.12,False,False,True,True,True,False,False,True,True,False,True,False,False,True,False,True,False,False,True,False,True,False,True,False,True,False
0,56,38.72,2168.32,0,0.6792982456140351,0,0,2168.3199999999997,False,True,True,True,False,True,True,False,False,True,False,False,True,False,False,False,False,False,True,False,False,True,False,True,False,False
1,55,96.35,5299.25,1,1.7205357142857143,1,0,5299.25,True,False,True,True,False,False,False,True,False,False,False,False,True,False,True,False,True,False,True,False,False,False,True,True,False,False
1,25,45.65,1141.25,0,1.7557692307692307,0,0,1141.25,False,True,False,True,True,False,True,False,False,True,False,True,False,False,False,False,False,True,False,True,False,True,True,True,False,False
0,48,58.37,2801.76,0,1.1912244897959183,0,0,2801.7599999999998,True,False,True,True,True,False,False,True,False,True,True,False,True,False,False,False,False,True,False,False,False,True,True,False,False,False
1,65,100.71,6546.15,1,1.5259090909090909,1,0,6546.15,False,True,False,False,True,False,True,False,False,False,True,False,False,False,False,True,True,False,False,True,False,False,False,False,False,True
0,11,71.16,782.76,0,5.93,0,1,782.76,False,True,False,True,False,True,False,False,False,False,True,False,True,False,False,True,True,False,False,True,False,True,True,False,True,False
1,7,21.68,151.76,1,2.71,0,1,151.76,True,False,False,True,False,False,True,False,False,False,False,True,True,False,False,False,True,False,True,False,False,False,False,True,False,False
1,64,43.86,2807.04,0,0.6747692307692308,0,0,2807.04,False,False,False,True,True,False,False,True,False,False,False,True,True,False,False,True,False,False,False,False,True,False,False,True,False,False
0,39,77.11,3007.29,0,1.92775,0,0,3007.29,True,True,False,True,True,False,False,True,True,False,True,False,True,False,False,False,False,True,False,True,False,False,True,True,False,False
1,48,81.29,3901.92,0,1.6589795918367347,1,0,3901.92,False,True,True,True,True,False,True,False,False,False,False,True,False,False,False,True,True,False,False,True,False,True,False,False,False,True
0,62,116.95,7250.9,1,1.8563492063492064,1,0,7250.900000000001,True,True,True,False,False,False,False,False,False,True,False,True,True,False,False,False,False,True,True,False,False,False,False,False,True,False
1,69,119.07,8215.83,0,1.7009999999999998,1,0,8215.83,True,False,False,False,False,False,False,True,False,True,True,False,True,False,False,True,True,False,False,False,False,True,False,False,False,True
0,57,42.33,2412.81,0,0.7298275862068965,0,0,2412.81,True,False,True,True,True,False,False,False,False,False,False,False,False,False,False,False,False,False,True,False,False,False,False,False,False,True
0,28,112.1,3138.8,0,3.86551724137931,1,0,3138.7999999999997,False,True,True,False,False,False,True,False,False,False,False,True,False,True,False,False,True,False,True,False,False,True,False,False,False,False
0,32,115.42,3693.44,0,3.4975757575757576,1,0,3693.44,True,True,True,False,False,True,True,False,True,False,False,True,False,True,False,True,False,False,False,True,False,True,True,False,False,False
1,62,108.98,6756.76,0,1.72984126984127,1,0,6756.76,True,False,True,True,True,False,False,False,True,False,True,False,True,False,False,True,False,True,False,False,False,True,False,True,False,False
1,70,36.63,2564.1,0,0.5159154929577465,0,0,2564.1000000000004,True,False,True,False,False,False,False,True,True,False,True,False,False,True,True,False,False,False,False,True,False,True,True,False,False,False
1,36,51.61,1857.96,0,1.394864864864865,0,0,1857.96,True,True,False,True,False,True,False,True,True,False,False,True,True,False,False,True,True,False,False,False,True,False,False,False,True,False
1,21,52.53,1103.13,0,2.3877272727272727,0,0,1103.13,False,False,False,True,False,True,False,False,False,True,False,False,False,False,False,True,True,False,False,True,False,True,True,False,False,True
1,69,84.2,5809.8,1,1.2028571428571428,1,0,5809.8,False,False,False,False,False,True,False,True,False,True,True,False,True,False,False,False,False,True,False,False,False,False,False,False,False,True
1,18,29.38,528.84,0,1.546315789473684,0,0,528.84,True,True,False,True,True,False,True,False,False,True,True,False,True,False,False,True,True,False,True,False,False,True,True,False,False,True
1,39,118.69,4628.91,0,2.96725,1,0,4628.91,True,False,False,False,True,False,False,False,True,False,False,True,False,False,True,False,False,True,True,False,False,True,True,False,False,False
1,49,90.0,4410.0,0,1.8,1,0,4410.0,False,False,True,True,False,True,True,False,True,False,True,False,False,False,True,False,False,False,True,False,True,False,False,False,True,False
0,34,93.25,3170.5,1,2.664285714285714,1,0,3170.5,False,True,False,True,False,True,False,True,False,False,False,False,True,False,False,True,False,True,True,False,False,False,False,True,False,False
0,63,95.82,6036.66,1,1.4971875,1,0,6036.66,False,False,False,False,True,False,True,False,False,False,False,True,False,True,False,False,False,True,True,False,False,False,False,False,True,False
0,9,109.66,986.94,0,10.966,1,1,986.9399999999999,True,True,True,True,True,False,False,False,False,True,False,True,False,True,False,True,True,False,False,False,True,False,False,True,False,False
1,58,45.25,2624.5,0,0.7669491525423728,0,0,2624.5,True,False,True,False,True,False,False,True,False,True,False,False,False,True,False,False,False,True,True,False,False,True,True,False,False,False
1,46,37.51,1725.46,1,0.7980851063829787,0,0,1725.4599999999998,True,True,True,False,False,True,False,True,True,False,False,True,True,False,False,False,False,True,True,False,False,False,True,False,True,False
1,66,44.88,2962.08,0,0.6698507462686567,0,0,2962.0800000000004,False,True,True,False,True,False,True,False,False,True,False,True,True,False,True,False,True,False,True,False,False,True,True,False,False,False
0,68,48.24,3280.32,0,0.6991304347826087,0,0,3280.32,False,True,False,False,False,True,False,True,True,False,True,False,False,False,True,False,True,False,False,False,False,False,False,True,False,False
0,67,107.3,7189.1,0,1.5779411764705882,1,0,7189.099999999999,True,False,True,False,False,False,False,False,False,False,False,True,False,True,False,False,True,False,False,False,False,True,True,False,True,False
0,55,44.19,2430.45,0,0.7891071428571428,0,0,2430.45,True,False,False,False,True,False,False,True,False,True,False,False,True,False,True,False,False,True,True,False,False,False,True,False,True,False
0,72,29.12,2096.64,0,0.3989041095890411,0,0,2096.64,True,True,True,False,True,False,False,False,True,False,True,False,False,True,False,False,False,False,False,False,False,False,True,False,False,False
0,24,51.22,1229.28,0,2.0488,0,0,1229.28,False,True,False,True,True,False,True,False,True,False,False,False,False,False,False,False,False,True,False,False,False,True,False,False,False,True
1,15,64.99,974.85,0,4.061875,0,0,974.8499999999999,False,False,False,True,False,True,True,False,True,False,False,True,False,True,False,False,False,True,True,False,True,False,False,False,False,True
1,53,40.01,2120.53,0,0.7409259259259259,0,0,2120.5299999999997,True,False,True,False,False,False,False,True,False,False,False,True,True,False,False,False,False,True,False,True,False,False,True,True,False,False
1,58,58.55,3395.9,0,0.9923728813559322,0,0,3395.8999999999996,False,True,True,True,False,True,False,True,False,True,False,False,False,True,True,False,False,False,True,False,False,True,False,False,False,True
0,8,119.09,952.72,1,13.232222222222223,1,1,952.72,True,False,False,False,True,False,True,False,False,False,False,False,False,False,True,False,True,False,True,False,False,False,False,True,False,False
0,69,112.32,7750.08,0,1.6045714285714285,1,0,7750.08,False,False,False,False,False,False,True,False,True,False,False,False,False,False,False,False,False,True,False,False,False,True,False,True,False,False
1,36,98.26,3537.36,1,2.655675675675676,1,0,3537.36,True,True,True,False,False,True,False,True,True,False,True,False,True,False,False,True,True,False,False,False,False,False,False,True,False,False
0,48,55.56,2666.88,0,1.1338775510204082,0,0,2666.88,False,False,True,False,False,False,True,False,False,True,True,False,False,False,True,False,False,False,False,False,False,False,True,True,False,False
1,49,24.55,1202.95,0,0.491,0,0,1202.95,True,False,False,True,False,True,True,False,True,False,False,True,False,False,False,True,False,True,False,True,True,False,False,True,False,False
1,42,119.2,5006.4,0,2.772093023255814,1,0,5006.400000000001,True,True,True,False,False,True,False,True,True,False,False,True,False,True,False,True,False,False,False,True,True,False,False,True,False,False
0,5,70.39,351.95,0,11.731666666666667,0,1,351.95,True,True,False,False,False,True,False,True,False,False,False,False,True,False,False,False,True,False,False,False,True,False,True,True,False,False
1,1,30.3,30.3,0,15.15,0,1,30.3,False,False,True,True,True,False,False,False,True,False,False,False,False,True,False,False,False,False,False,True,False,True,True,False,False,False
0,49,63.27,3100.23,0,1.2654,0,0,3100.23,False,True,True,False,False,False,False,False,False,True,True,False,True,False,False,False,False,False,False,True,True,False,False,False,False,False
1,46,94.48,4346.08,0,2.010212765957447,1,0,4346.08,True,False,False,False,False,False,False,True,True,False,True,False,False,True,False,True,False,False,True,False,True,False,True,True,False,False
0,55,44.77,2462.35,0,0.7994642857142857,0,0,2462.3500000000004,True,False,False,False,False,False,True,False,True,False,False,False,True,False,True,False,False,False,False,False,False,True,True,False,True,False
1,40,112.22,4488.8,0,2.737073170731707,1,0,4488.8,True,False,True,False,False,False,True,False,False,True,True,False,False,False,True,False,False,True,False,True,False,True,True,False,True,False
1,42,46.92,1970.64,0,1.0911627906976744,0,0,1970.64,True,False,True,False,False,True,False,True,True,False,True,False,False,False,False,True,False,True,False,False,False,False,True,False,False,True
0,38,56.32,2140.16,0,1.4441025641025642,0,0,2140.16,False,False,False,False,False,False,False,True,False,True,False,True,True,False,False,False,False,False,False,True,False,True,False,False,False,False
1,33,105.36,3476.88,0,3.0988235294117645,1,0,3476.88,False,False,True,True,False,True,False,False,False,True,False,False,False,False,True,False,False,True,False,False,True,False,True,True,False,False
1,57,93.16,5310.12,0,1.606206896551724,1,0,5310.12,True,True,True,False,False,True,False,True,False,True,False,False,False,True,True,False,False,False,False,False,True,False,False,True,False,False
1,67,85.16,5705.72,0,1.2523529411764704,1,0,5705.719999999999,False,True,False,False,True,False,False,False,False,True,False,True,True,False,False,False,True,False,False,False,True,False,True,False,False,True
0,18,98.41,1771.38,1,5.179473684210526,1,0,1771.3799999999999,True,False,False,False,False,True,True,False,False,True,True,False,True,False,False,False,False,True,False,True,False,True,True,False,True,False
1,5,114.22,571.1,0,19.036666666666665,1,1,571.1,True,False,True,True,True,False,False,False,False,True,False,False,True,False,True,False,True,False,False,True,False,True,True,False,False,False
1,58,38.86,2253.88,0,0.6586440677966101,0,0,2253.88,True,True,True,True,False,False,False,False,False,False,True,False,False,True,False,True,True,False,False,True,False,True,True,True,False,False
0,62,58.04,3598.48,0,0.9212698412698412,0,0,3598.48,False,False,False,False,True,False,False,True,True,False,True,False,False,True,False,True,True,False,False,False,False,True,False,True,False,False
1,72,43.33,3119.76,1,0.5935616438356164,0,0,3119.7599999999998,True,False,True,True,True,False,True,False,True,False,False,True,False,False,False,False,False,True,False,False,False,False,False,False,False,True
0,18,41.14,740.52,0,2.165263157894737,0,0,740.52,False,False,False,False,False,False,False,False,False,False,False,True,False,False,False,True,False,False,False,True,False,True,False,False,False,False
0,22,54.24,1193.28,0,2.3582608695652176,0,0,1193.28,True,True,False,True,False,False,False,True,False,False,False,False,False,False,True,False,True,False,False,False,True,False,True,False,False,False
1,37,29.26,1082.62,0,0.77,0,0,1082.6200000000001,True,True,True,False,False,False,True,False,False,True,True,False,True,False,True,False,False,False,False,True,True,False,True,True,False,False
0,61,30.85,1881.85,0,0.49758064516129036,0,0,1881.8500000000001,False,True,True,False,False,True,False,False,False,True,False,False,False,False,True,False,True,False,False,False,False,True,False,True,False,False
0,51,83.54,4260.54,1,1.6065384615384617,1,0,4260.54,False,True,True,True,False,False,False,False,False,False,True,False,True,False,False,True,False,True,False,True,False,False,False,False,False,True
0,7,61.55,430.85,0,7.69375,0,1,430.84999999999997,True,True,True,False,True,False,False,False,False,False,True,False,False,True,False,True,True,False,True,False,True,False,False,True,False,False
0,24,60.92,1462.08,0,2.4368,0,0,1462.08,False,True,False,False,False,True,True,False,True,False,True,False,True,False,False,False,True,False,True,False,False,True,True,False,False,True
1,35,83.01,2905.35,1,2.3058333333333336,1,0,2905.3500000000004,True,True,True,False,False,True,False,False,False,False,False,True,False,False,False,True,False,False,False,True,False,False,True,False,False,False
0,51,62.59,3192.09,1,1.2036538461538462,0,0,3192.09,True,False,False,True,False,False,True,False,True,False,True,False,True,False,True,False,False,True,False,True,False,False,False,False,True,False
1,39,85.38,3329.82,1,2.1345,1,0,3329.8199999999997,True,True,True,False,False,False,False,True,True,False,False,False,False,False,True,False,False,False,False,False,False,False,False,False,False,True
0,7,77.4,541.8,0,9.675,0,1,541.8000000000001,True,False,False,False,False,True,False,False,False,True,True,False,False,True,False,True,False,False,False,True,False,True,False,False,False,True
0,7,56.63,396.41,1,7.07875,0,1,396.41,True,True,True,True,False,False,True,False,True,False,False,False,False,True,False,True,False,True,True,False,False,False,True,True,False,False
1,10,25.57,255.7,1,2.3245454545454547,0,1,255.7,True,False,True,True,False,True,True,False,True,False,True,False,True,False,False,False,False,False,False,True,False,False,True,False,False,True
0,22,64.44,1417.68,0,2.8017391304347825,0,0,1417.6799999999998,True,False,False,False,False,True,True,False,False,True,False,True,False,True,False,False,False,False,False,False,False,True,False,False,False,True
0,71,68.78,4883.38,0,0.9552777777777778,0,0,4883.38,True,True,True,False,False,False,True,False,False,False,False,True,False,True,False,False,True,False,True,False,True,False,False,False,False,False
1,47,97.77,4595.19,0,2.0368749999999998,1,0,4595.19,True,False,False,False,False,False,False,False,False,True,False,True,True,False,True,False,True,False,False,True,False,True,True,False,True,False
1,37,86.88,3214.56,1,2.2863157894736843,1,0,3214.56,True,True,False,True,False,True,True,False,False,False,False,False,False,True,True,False,False,True,False,True,False,False,True,False,False,True
1,69,32.59,2248.71,0,0.46557142857142864,0,0,2248.71,True,False,True,False,True,False,True,False,True,False,False,True,False,False,False,False,False,True,False,False,True,False,False,False,True,False
0,17,64.8,1101.6,0,3.5999999999999996,0,0,1101.6,True,False,True,True,False,True,True,False,True,False,True,False,False,False,False,False,False,False,False,False,True,False,True,False,False,False
0,29,110.11,3193.19,1,3.6703333333333332,1,0,3193.19,False,False,True,True,True,False,True,False,False,False,False,True,True,False,False,False,True,False,True,False,False,False,False,False,False,False
1,44,20.77,913.88,0,0.46155555555555555,0,0,913.88,True,True,True,False,False,True,False,True,True,False,False,False,False,True,False,False,True,False,False,False,False,False,False,False,False,False
0,13,22.75,295.75,0,1.625,0,0,295.75,True,True,False,False,False,True,False,False,True,False,True,False,True,False,False,True,False,True,False,True,False,False,False,False,True,False
1,69,84.15,5806.35,1,1.2021428571428572,1,0,5806.35,False,True,True,True,True,False,False,False,False,True,True,False,False,False,False,True,False,False,False,True,False,False,True,True,False,False
0,62,96.92,6009.04,0,1.5384126984126985,1,0,6009.04,False,True,False,False,False,False,False,True,False,False,False,True,False,True,False,True,False,True,True,False,False,True,True,False,True,False
0,52,46.06,2395.12,0,0.869056603773585,0,0,2395.12,True,False,True,True,False,True,False,True,False,True,True,False,True,False,False,True,True,False,False,True,True,False,False,False,False,True
0,12,100.22,1202.64,0,7.7092307692307696,1,0,1202.6399999999999,True,False,False,False,False,True,False,True,True,False,False,True,True,False,False,True,True,False,False,True,True,False,True,False,False,True
0,56,110.99,6215.44,0,1.9471929824561403,1,0,6215.44,False,False,False,True,False,False,True,False,True,False,True,False,True,False,False,False,False,False,False,True,True,False,False,True,False,False
0,50,49.22,2461.0,0,0.9650980392156863,0,0,2461.0,True,True,True,False,True,False,False,False,False,True,True,False,False,True,False,False,False,False,False,True,True,False,True,False,False,True
0,43,76.33,3282.19,0,1.7347727272727271,0,0,3282.19,False,False,False,False,False,False,False,False,False,True,False,True,False,True,False,False,False,True,True,False,False,True,False,False,True,False
0,51,28.91,1474.41,0,0.5559615384615385,0,0,1474.41,True,False,False,True,True,False,False,False,False,True,False,False,False,True,False,True,False,True,True,False,False,False,True,False,True,False
1,48,49.12,2357.76,0,1.0024489795918368,0,0,2357.7599999999998,False,False,True,False,False,False,True,False,False,True,False,True,True,False,False,False,True,False,False,False,False,True,True,False,False,False
1,18,41.59,748.62,0,2.188947368421053,0,0,748.6200000000001,False,False,True,True,True,False,True,False,False,True,True,False,False,False,False,False,False,True,True,False,True,False,False,False,False,False
0,39,90.24,3519.36,1,2.256,1,0,3519.3599999999997,False,False,False,False,False,True,False,True,False,False,False,True,True,False,False,False,True,False,False,True,False,False,False,False,False,False
0,26,117.75,3061.5,0,4.361111111111111,1,0,3061.5,False,True,False,False,False,False,False,False,False,False,False,False,True,False,True,False,False,True,False,False,True,False,True,True,False,False
1,14,102.6,1436.4,0,6.84,1,0,1436.3999999999999,False,False,True,True,True,False,True,False,True,False,True,False,True,False,False,False,True,False,False,True,False,True,True,True,False,False
1,54,79.14,4273.56,0,1.438909090909091,0,0,4273.56,True,False,False,True,False,True,True,False,False,False,True,False,True,False,True,False,False,False,False,True,True,False,False,False,False,True
1,28,119.37,3342.36,0,4.1162068965517244,1,0,3342.36,False,False,True,False,False,False,False,False,True,False,False,True,True,False,True,False,False,False,False,False,True,False,True,True,False,False
0,62,53.5,3317.0,0,0.8492063492063492,0,0,3317.0,False,True,True,False,False,True,False,False,False,False,False,True,False,False,False,True,True,False,False,True,True,False,False,True,False,False
0,41,53.98,2213.18,0,1.285238095238095,0,0,2213.18,False,False,True,True,False,True,False,True,False,True,False,True,False,True,False,True,True,False,False,True,False,False,True,False,False,True
1,13,29.04,377.52,0,2.0742857142857143,0,0,377.52,False,False,False,False,False,True,False,False,True,False,False,True,False,True,False,True,True,False,True,False,True,False,True,False,False,True
1,17,102.12,1736.04,1,5.673333333333334,1,0,1736.04,False,False,True,False,False,False,False,True,False,False,True,False,False,True,True,False,False,False,False,False,False,False,True,False,True,False
0,22,21.87,481.14,0,0.9508695652173913,0,0,481.14000000000004,True,False,False,False,True,False,True,False,False,True,False,True,False,True,True,False,False,True,True,False,True,False,False,False,False,False
1,5,45.74,228.7,0,7.623333333333334,0,1,228.70000000000002,False,False,True,False,False,True,False,True,False,False,False,False,False,False,True,False,False,True,False,True,False,True,True,False,True,False
1,8,66.11,528.88,0,7.345555555555555,0,1,528.88,True,False,False,True,False,False,True,False,False,False,True,False,True,False,False,False,False,False,True,False,True,False,False,True,False,False
1,71,57.73,4098.83,0,0.8018055555555555,0,0,4098.83,False,True,True,True,False,False,False,True,True,False,False,False,False,False,True,False,True,False,False,False,True,False,False,False,False,False
0,8,29.02,232.16,1,3.2244444444444444,0,1,232.16,False,False,True,True,True,False,True,False,False,False,True,False,True,False,True,False,True,False,True,False,False,False,False,False,False,False
0,8,89.83,718.64,1,9.981111111111112,1,1,718.64,False,False,False,False,False,False,False,False,True,False,False,False,False,True,False,False,False,True,False,False,False,False,True,False,True,False
0,40,50.56,2022.4,1,1.233170731707317,0,0,2022.4,True,False,False,True,False,False,False,False,False,True,False,False,False,False,False,False,True,False,False,True,False,False,False,False,True,False
0,16,100.83,1613.28,0,5.931176470588235,1,0,1613.28,True,True,False,False,True,False,False,False,True,False,False,True,True,False,True,False,False,False,True,False,False,True,False,False,False,False
1,56,41.84,2343.04,0,0.7340350877192983,0,0,2343.04,True,False,True,True,False,False,True,False,True,False,False,True,False,False,False,True,False,False,True,False,False,False,False,False,False,False
0,11,81.78,899.58,1,6.815,1,1,899.58,False,True,False,False,True,False,False,False,False,False,True,False,False,True,False,False,False,False,False,False,False,False,False,True,False,False
0,19,26.3,499.7,0,1.315,0,0,499.7,False,False,False,True,False,True,False,True,False,True,False,True,True,False,False,False,True,False,False,True,True,False,True,False,False,False
1,10,81.35,813.5,1,7.395454545454545,1,1,813.5,False,True,True,False,False,False,False,False,True,False,True,False,False,True,False,False,False,False,True,False,False,True,False,False,False,False
0,6,97.64,585.84,1,13.948571428571428,1,1,585.84,True,True,False,False,False,False,True,False,False,True,True,False,True,False,False,True,False,True,False,False,True,False,True,False,False,False
1,25,51.1,1277.5,0,1.9653846153846155,0,0,1277.5,True,True,False,False,False,False,True,False,False,True,False,False,False,False,True,False,True,False,True,False,True,False,False,True,False,False
0,4,108.85,435.4,1,21.77,1,1,435.4,False,True,False,False,False,False,True,False,True,False,False,True,False,False,True,False,True,False,True,False,False,True,False,True,False,False
1,72,91.54,6590.88,0,1.2539726027397262,1,0,6590.88,False,True,False,True,True,False,False,True,False,True,False,True,False,True,True,False,True,False,False,True,True,False,True,True,False,False
0,34,108.63,3693.42,1,3.1037142857142856,1,0,3693.42,False,False,False,False,True,False,False,False,False,True,False,True,False,True,False,True,False,True,False,True,False,False,True,True,False,False
0,59,93.14,5495.26,0,1.5523333333333333,1,0,5495.26,True,True,True,False,True,False,True,False,False,True,True,False,False,True,False,True,False,False,False,False,True,False,False,True,False,False
1,64,98.27,6289.28,1,1.5118461538461538,1,0,6289.28,False,True,True,False,True,False,False,True,True,False,True,False,False,True,False,False,False,False,False,True,False,False,True,False,True,False
0,57,32.43,1848.51,0,0.5591379310344827,0,0,1848.51,False,False,True,False,False,True,False,False,True,False,False,False,True,False,False,True,False,True,False,True,True,False,False,False,False,True
0,25,29.08,727.0,0,1.1184615384615384,0,0,727.0,False,False,False,True,True,False,False,True,False,False,False,True,True,False,True,False,True,False,True,False,False,False,True,True,False,False
1,18,65.12,1172.16,0,3.427368421052632,0,0,1172.16,False,False,False,True,True,False,False,False,False,False,False,True,True,False,True,False,False,True,False,True,False,False,False,False,False,False
1,38,64.23,2440.74,0,1.646923076923077,0,0,2440.7400000000002,True,False,False,True,False,True,False,False,False,True,False,True,False,True,False,True,True,False,False,True,True,False,False,False,False,True
1,49,55.63,2725.87,0,1.1126,0,0,2725.8700000000003,True,True,False,True,False,False,True,False,False,True,False,True,False,False,False,True,False,True,False,False,True,False,False,False,True,False
1,20,81.01,1620.2,0,3.857619047619048,1,0,1620.2,False,True,True,True,False,True,True,False,False,False,False,False,True,False,False,False,False,True,False,False,False,True,True,True,False,False
0,49,110.62,5420.38,1,2.2124,1,0,5420.38,True,True,False,True,False,False,False,True,False,True,True,False,True,False,False,False,True,False,False,True,False,False,True,False,False,False
0,67,36.05,2415.35,0,0.5301470588235294,0,0,2415.35,True,True,False,False,False,False,False,True,False,False,False,False,False,False,False,False,True,False,False,False,True,False,False,True,False,False
0,15,108.81,1632.15,0,6.800625,1,0,1632.15,True,True,True,True,False,False,True,False,False,True,False,True,True,False,False,False,False,True,False,True,True,False,False,True,False,False
1,43,117.82,5066.26,1,2.6777272727272727,1,0,5066.259999999999,True,True,False,False,False,True,False,True,True,False,False,False,False,False,False,False,False,False,False,True,False,False,True,False,False,True
0,1,76.6,76.6,0,38.3,0,1,76.6,True,False,True,False,False,True,False,True,True,False,False,True,False,False,False,False,True,False,True,False,True,False,False,False,True,False
0,25,97.98,2449.5,1,3.7684615384615388,1,0,2449.5,True,True,False,False,True,False,False,False,False,False,False,True,False,False,True,False,False,False,False,False,False,False,False,True,False,False
1,39,95.7,3732.3,0,2.3925,1,0,3732.3,False,False,True,False,False,False,True,False,False,False,False,True,False,True,True,False,False,True,False,False,False,True,False,False,False,False
1,5,47.32,236.6,0,7.886666666666667,0,1,236.6,False,False,True,True,True,False,True,False,True,False,True,False,False,True,True,False,True,False,False,True,False,True,False,False,False,True
1,1,53.47,53.47,0,26.735,0,1,53.47,True,True,True,False,True,False,False,False,False,True,True,False,True,False,False,True,False,True,True,False,False,True,False,False,False,True
0,59,61.59,3633.81,0,1.0265,0,0,3633.8100000000004,False,True,True,False,True,False,False,False,False,True,True,False,False,True,True,False,False,True,False,True,False,False,False,True,False,False
1,12,57.37,688.44,0,4.413076923076923,0,0,688.4399999999999,True,True,True,False,False,True,True,False,False,True,True,False,False,True,True,False,True,False,False,False,False,True,True,False,True,False
1,21,36.91,775.11,0,1.6777272727272725,0,0,775.1099999999999,False,True,True,False,False,True,False,False,False,False,False,False,False,False,True,False,False,False,True,False,False,False,False,False,False,True
0,69,106.07,7318.83,0,1.5152857142857141,1,0,7318.83,False,False,False,False,True,False,False,False,True,False,False,False,False,True,False,True,False,True,False,False,True,False,True,False,False,False
